Reviewer Name,Reviewer Rating,Reviewer Profile URL,Review,Time
 Peter Paul ,"<span aria-label="" 4 stars "" class=""section-review-stars"" jsan=""7.section-review-stars,0.aria-label,0.role,t-1xcf3_7ROhA"" jstcache=""250"" role=""img""> <img alt="""" class=""section-review-star section-review-star-active"" jsan=""7.section-review-star,7.section-review-star-active,8.src,0.alt"" jsinstance=""0"" jstcache=""289"" src=""//maps.gstatic.com/consumer/images/icons/2x/ic_star_rate_14.png""/><img alt="""" class=""section-review-star section-review-star-active"" jsan=""7.section-review-star,7.section-review-star-active,8.src,0.alt"" jsinstance=""1"" jstcache=""289"" src=""//maps.gstatic.com/consumer/images/icons/2x/ic_star_rate_14.png""/><img alt="""" class=""section-review-star section-review-star-active"" jsan=""7.section-review-star,7.section-review-star-active,8.src,0.alt"" jsinstance=""2"" jstcache=""289"" src=""//maps.gstatic.com/consumer/images/icons/2x/ic_star_rate_14.png""/><img alt="""" class=""section-review-star section-review-star-active"" jsan=""7.section-review-star,7.section-review-star-active,8.src,0.alt"" jsinstance=""3"" jstcache=""289"" src=""//maps.gstatic.com/consumer/images/icons/2x/ic_star_rate_14.png""/><img alt="""" class=""section-review-star"" jsan=""7.section-review-star,8.src,0.alt"" jsinstance=""*4"" jstcache=""289"" src=""//maps.gstatic.com/consumer/images/icons/2x/ic_star_rate_empty_14.png""/> </span>",https://www.google.com/maps/contrib/107092375253238015185/reviews?hl=en-IN,"A great spot to grab a coffee at the International Airport. It is located in The Quad area as soon as you exit the airport. There is good amount of seating.

The food is alright, but I prefer the coffees here. They are made quickly and the staff are very kind if you want it heated more or you want some change in it. The place is also reasonably priced for an airport cafe.

Overall a good experience here.",a year ago
 mahan rulz ,"<span aria-label="" 5 stars "" class=""section-review-stars"" jsan=""7.section-review-stars,0.aria-label,0.role,t-1xcf3_7ROhA"" jstcache=""250"" role=""img""> <img alt="""" class=""section-review-star section-review-star-active"" jsan=""7.section-review-star,7.section-review-star-active,8.src,0.alt"" jsinstance=""0"" jstcache=""289"" src=""//maps.gstatic.com/consumer/images/icons/2x/ic_star_rate_14.png""/><img alt="""" class=""section-review-star section-review-star-active"" jsan=""7.section-review-star,7.section-review-star-active,8.src,0.alt"" jsinstance=""1"" jstcache=""289"" src=""//maps.gstatic.com/consumer/images/icons/2x/ic_star_rate_14.png""/><img alt="""" class=""section-review-star section-review-star-active"" jsan=""7.section-review-star,7.section-review-star-active,8.src,0.alt"" jsinstance=""2"" jstcache=""289"" src=""//maps.gstatic.com/consumer/images/icons/2x/ic_star_rate_14.png""/><img alt="""" class=""section-review-star section-review-star-active"" jsan=""7.section-review-star,7.section-review-star-active,8.src,0.alt"" jsinstance=""3"" jstcache=""289"" src=""//maps.gstatic.com/consumer/images/icons/2x/ic_star_rate_14.png""/><img alt="""" class=""section-review-star section-review-star-active"" jsan=""7.section-review-star,7.section-review-star-active,8.src,0.alt"" jsinstance=""*4"" jstcache=""289"" src=""//maps.gstatic.com/consumer/images/icons/2x/ic_star_rate_14.png""/> </span>",https://www.google.com/maps/contrib/113186687353273245004/reviews?hl=en-IN,"Such a memorable place , staffs are friendly , and coffee is awesome",a month ago
 senthil kumar ,"<span aria-label="" 5 stars "" class=""section-review-stars"" jsan=""7.section-review-stars,0.aria-label,0.role,t-1xcf3_7ROhA"" jstcache=""250"" role=""img""> <img alt="""" class=""section-review-star section-review-star-active"" jsan=""7.section-review-star,7.section-review-star-active,8.src,0.alt"" jsinstance=""0"" jstcache=""289"" src=""//maps.gstatic.com/consumer/images/icons/2x/ic_star_rate_14.png""/><img alt="""" class=""section-review-star section-review-star-active"" jsan=""7.section-review-star,7.section-review-star-active,8.src,0.alt"" jsinstance=""1"" jstcache=""289"" src=""//maps.gstatic.com/consumer/images/icons/2x/ic_star_rate_14.png""/><img alt="""" class=""section-review-star section-review-star-active"" jsan=""7.section-review-star,7.section-review-star-active,8.src,0.alt"" jsinstance=""2"" jstcache=""289"" src=""//maps.gstatic.com/consumer/images/icons/2x/ic_star_rate_14.png""/><img alt="""" class=""section-review-star section-review-star-active"" jsan=""7.section-review-star,7.section-review-star-active,8.src,0.alt"" jsinstance=""3"" jstcache=""289"" src=""//maps.gstatic.com/consumer/images/icons/2x/ic_star_rate_14.png""/><img alt="""" class=""section-review-star section-review-star-active"" jsan=""7.section-review-star,7.section-review-star-active,8.src,0.alt"" jsinstance=""*4"" jstcache=""289"" src=""//maps.gstatic.com/consumer/images/icons/2x/ic_star_rate_14.png""/> </span>",https://www.google.com/maps/contrib/104799959079692940699/reviews?hl=en-IN,"24 hours opening Cafe 77 at Taj Hotel
Food very Tasteful",a year ago
 Arti Singh ,"<span aria-label="" 5 stars "" class=""section-review-stars"" jsan=""7.section-review-stars,0.aria-label,0.role,t-1xcf3_7ROhA"" jstcache=""250"" role=""img""> <img alt="""" class=""section-review-star section-review-star-active"" jsan=""7.section-review-star,7.section-review-star-active,8.src,0.alt"" jsinstance=""0"" jstcache=""289"" src=""//maps.gstatic.com/consumer/images/icons/2x/ic_star_rate_14.png""/><img alt="""" class=""section-review-star section-review-star-active"" jsan=""7.section-review-star,7.section-review-star-active,8.src,0.alt"" jsinstance=""1"" jstcache=""289"" src=""//maps.gstatic.com/consumer/images/icons/2x/ic_star_rate_14.png""/><img alt="""" class=""section-review-star section-review-star-active"" jsan=""7.section-review-star,7.section-review-star-active,8.src,0.alt"" jsinstance=""2"" jstcache=""289"" src=""//maps.gstatic.com/consumer/images/icons/2x/ic_star_rate_14.png""/><img alt="""" class=""section-review-star section-review-star-active"" jsan=""7.section-review-star,7.section-review-star-active,8.src,0.alt"" jsinstance=""3"" jstcache=""289"" src=""//maps.gstatic.com/consumer/images/icons/2x/ic_star_rate_14.png""/><img alt="""" class=""section-review-star section-review-star-active"" jsan=""7.section-review-star,7.section-review-star-active,8.src,0.alt"" jsinstance=""*4"" jstcache=""289"" src=""//maps.gstatic.com/consumer/images/icons/2x/ic_star_rate_14.png""/> </span>",https://www.google.com/maps/contrib/100679696609543308404/reviews?hl=en-IN,"Apart from Mumbai airport CCd this is one of the most beautifully done CCd. Loved the layout,  sitting and the entire ambience here. Amazing coffee point. Don't book a cab if u want to enjoy a coffee once done then book. Uber zone is just next to this place and ola is in front walking. And they are open 24x7 , serving great lunch from 11 to 3pm for just Rs. 375",3 years ago
 Suyog Rai ,"<span aria-label="" 3 stars "" class=""section-review-stars"" jsan=""7.section-review-stars,0.aria-label,0.role,t-1xcf3_7ROhA"" jstcache=""250"" role=""img""> <img alt="""" class=""section-review-star section-review-star-active"" jsan=""7.section-review-star,7.section-review-star-active,8.src,0.alt"" jsinstance=""0"" jstcache=""289"" src=""//maps.gstatic.com/consumer/images/icons/2x/ic_star_rate_14.png""/><img alt="""" class=""section-review-star section-review-star-active"" jsan=""7.section-review-star,7.section-review-star-active,8.src,0.alt"" jsinstance=""1"" jstcache=""289"" src=""//maps.gstatic.com/consumer/images/icons/2x/ic_star_rate_14.png""/><img alt="""" class=""section-review-star section-review-star-active"" jsan=""7.section-review-star,7.section-review-star-active,8.src,0.alt"" jsinstance=""2"" jstcache=""289"" src=""//maps.gstatic.com/consumer/images/icons/2x/ic_star_rate_14.png""/><img alt="""" class=""section-review-star"" jsan=""7.section-review-star,8.src,0.alt"" jsinstance=""3"" jstcache=""289"" src=""//maps.gstatic.com/consumer/images/icons/2x/ic_star_rate_empty_14.png""/><img alt="""" class=""section-review-star"" jsan=""7.section-review-star,8.src,0.alt"" jsinstance=""*4"" jstcache=""289"" src=""//maps.gstatic.com/consumer/images/icons/2x/ic_star_rate_empty_14.png""/> </span>",https://www.google.com/maps/contrib/109989104882492343896/reviews?hl=en-IN,"Good vibes. Coffee, not so good for the price.",a year ago
 MTY 11 ,"<span aria-label="" 4 stars "" class=""section-review-stars"" jsan=""7.section-review-stars,0.aria-label,0.role,t-1xcf3_7ROhA"" jstcache=""250"" role=""img""> <img alt="""" class=""section-review-star section-review-star-active"" jsan=""7.section-review-star,7.section-review-star-active,8.src,0.alt"" jsinstance=""0"" jstcache=""289"" src=""//maps.gstatic.com/consumer/images/icons/2x/ic_star_rate_14.png""/><img alt="""" class=""section-review-star section-review-star-active"" jsan=""7.section-review-star,7.section-review-star-active,8.src,0.alt"" jsinstance=""1"" jstcache=""289"" src=""//maps.gstatic.com/consumer/images/icons/2x/ic_star_rate_14.png""/><img alt="""" class=""section-review-star section-review-star-active"" jsan=""7.section-review-star,7.section-review-star-active,8.src,0.alt"" jsinstance=""2"" jstcache=""289"" src=""//maps.gstatic.com/consumer/images/icons/2x/ic_star_rate_14.png""/><img alt="""" class=""section-review-star section-review-star-active"" jsan=""7.section-review-star,7.section-review-star-active,8.src,0.alt"" jsinstance=""3"" jstcache=""289"" src=""//maps.gstatic.com/consumer/images/icons/2x/ic_star_rate_14.png""/><img alt="""" class=""section-review-star"" jsan=""7.section-review-star,8.src,0.alt"" jsinstance=""*4"" jstcache=""289"" src=""//maps.gstatic.com/consumer/images/icons/2x/ic_star_rate_empty_14.png""/> </span>",https://www.google.com/maps/contrib/114139030945857463088/reviews?hl=en-IN,"Good service, opposite to the Indigo check-in counters inside the airport, bit dirty in some areas.",10 months ago
 Girish Reddy ,"<span aria-label="" 4 stars "" class=""section-review-stars"" jsan=""7.section-review-stars,0.aria-label,0.role,t-1xcf3_7ROhA"" jstcache=""250"" role=""img""> <img alt="""" class=""section-review-star section-review-star-active"" jsan=""7.section-review-star,7.section-review-star-active,8.src,0.alt"" jsinstance=""0"" jstcache=""289"" src=""//maps.gstatic.com/consumer/images/icons/2x/ic_star_rate_14.png""/><img alt="""" class=""section-review-star section-review-star-active"" jsan=""7.section-review-star,7.section-review-star-active,8.src,0.alt"" jsinstance=""1"" jstcache=""289"" src=""//maps.gstatic.com/consumer/images/icons/2x/ic_star_rate_14.png""/><img alt="""" class=""section-review-star section-review-star-active"" jsan=""7.section-review-star,7.section-review-star-active,8.src,0.alt"" jsinstance=""2"" jstcache=""289"" src=""//maps.gstatic.com/consumer/images/icons/2x/ic_star_rate_14.png""/><img alt="""" class=""section-review-star section-review-star-active"" jsan=""7.section-review-star,7.section-review-star-active,8.src,0.alt"" jsinstance=""3"" jstcache=""289"" src=""//maps.gstatic.com/consumer/images/icons/2x/ic_star_rate_14.png""/><img alt="""" class=""section-review-star"" jsan=""7.section-review-star,8.src,0.alt"" jsinstance=""*4"" jstcache=""289"" src=""//maps.gstatic.com/consumer/images/icons/2x/ic_star_rate_empty_14.png""/> </span>",https://www.google.com/maps/contrib/115248761403714017809/reviews?hl=en-IN,The staffs are courteous and are helpful too. Their setting is good. They offer spacious seating. The overall ambiance is good and colorful.,a year ago
 darshana hosur ,"<span aria-label="" 1 star "" class=""section-review-stars"" jsan=""7.section-review-stars,0.aria-label,0.role,t-1xcf3_7ROhA"" jstcache=""250"" role=""img""> <img alt="""" class=""section-review-star section-review-star-active"" jsan=""7.section-review-star,7.section-review-star-active,8.src,0.alt"" jsinstance=""0"" jstcache=""289"" src=""//maps.gstatic.com/consumer/images/icons/2x/ic_star_rate_14.png""/><img alt="""" class=""section-review-star"" jsan=""7.section-review-star,8.src,0.alt"" jsinstance=""1"" jstcache=""289"" src=""//maps.gstatic.com/consumer/images/icons/2x/ic_star_rate_empty_14.png""/><img alt="""" class=""section-review-star"" jsan=""7.section-review-star,8.src,0.alt"" jsinstance=""2"" jstcache=""289"" src=""//maps.gstatic.com/consumer/images/icons/2x/ic_star_rate_empty_14.png""/><img alt="""" class=""section-review-star"" jsan=""7.section-review-star,8.src,0.alt"" jsinstance=""3"" jstcache=""289"" src=""//maps.gstatic.com/consumer/images/icons/2x/ic_star_rate_empty_14.png""/><img alt="""" class=""section-review-star"" jsan=""7.section-review-star,8.src,0.alt"" jsinstance=""*4"" jstcache=""289"" src=""//maps.gstatic.com/consumer/images/icons/2x/ic_star_rate_empty_14.png""/> </span>",https://www.google.com/maps/contrib/101910724982759916497/reviews?hl=en-IN,Horrible service boys..its almost lik they chase you out once u r done with ur coffee or order...they should be trained how to handle customers..just because we sit there for another hour cant keep buying things over and over again.,a year ago
 ROHITH K MURALI ,"<span aria-label="" 4 stars "" class=""section-review-stars"" jsan=""7.section-review-stars,0.aria-label,0.role,t-1xcf3_7ROhA"" jstcache=""250"" role=""img""> <img alt="""" class=""section-review-star section-review-star-active"" jsan=""7.section-review-star,7.section-review-star-active,8.src,0.alt"" jsinstance=""0"" jstcache=""289"" src=""//maps.gstatic.com/consumer/images/icons/2x/ic_star_rate_14.png""/><img alt="""" class=""section-review-star section-review-star-active"" jsan=""7.section-review-star,7.section-review-star-active,8.src,0.alt"" jsinstance=""1"" jstcache=""289"" src=""//maps.gstatic.com/consumer/images/icons/2x/ic_star_rate_14.png""/><img alt="""" class=""section-review-star section-review-star-active"" jsan=""7.section-review-star,7.section-review-star-active,8.src,0.alt"" jsinstance=""2"" jstcache=""289"" src=""//maps.gstatic.com/consumer/images/icons/2x/ic_star_rate_14.png""/><img alt="""" class=""section-review-star section-review-star-active"" jsan=""7.section-review-star,7.section-review-star-active,8.src,0.alt"" jsinstance=""3"" jstcache=""289"" src=""//maps.gstatic.com/consumer/images/icons/2x/ic_star_rate_14.png""/><img alt="""" class=""section-review-star"" jsan=""7.section-review-star,8.src,0.alt"" jsinstance=""*4"" jstcache=""289"" src=""//maps.gstatic.com/consumer/images/icons/2x/ic_star_rate_empty_14.png""/> </span>",https://www.google.com/maps/contrib/100753071239015368301/reviews?hl=en-IN,"Café Coffee Day (CCD) is an Indian café chain. It is a subsidiary of Coffee Day Enterprises Limited. Coffee Day serves 1.8 billion cups of coffee annually in six countries
Café Coffee Day Global Limited Company is a Chikkamagaluru-based business which grows coffee in its own estates of 20,000 acres. It is the largest producer of arabica beans in Asia, exporting to various countries including the U.S., Europe, and Japan.

V. G. Siddhartha started the café chain in 1996 when he incorporated Coffee Day Global, which is the parent of the Coffee Day chain. The first CCD outlet was set up on July 11, 1996, at Brigade Road, Bangalore, Karnataka. It rapidly expanded to other cities in India, with more than 1000 cafés open across the nation by 2011.

In 2010, it was announced that a consortium led by Kohlberg Kravis Roberts would invest ₹10 billion (US$140 million) in Coffee Day Resorts, owned by the company.The same year, the logo was changed to the current logo, which the company stated was to showcase the chain as a place to talk.This was done with major changes in the layout of the stores, including the addition of lounges and a total revamp of the interiors.",a year ago
 Himanshu Awasthi ,"<span aria-label="" 5 stars "" class=""section-review-stars"" jsan=""7.section-review-stars,0.aria-label,0.role,t-1xcf3_7ROhA"" jstcache=""250"" role=""img""> <img alt="""" class=""section-review-star section-review-star-active"" jsan=""7.section-review-star,7.section-review-star-active,8.src,0.alt"" jsinstance=""0"" jstcache=""289"" src=""//maps.gstatic.com/consumer/images/icons/2x/ic_star_rate_14.png""/><img alt="""" class=""section-review-star section-review-star-active"" jsan=""7.section-review-star,7.section-review-star-active,8.src,0.alt"" jsinstance=""1"" jstcache=""289"" src=""//maps.gstatic.com/consumer/images/icons/2x/ic_star_rate_14.png""/><img alt="""" class=""section-review-star section-review-star-active"" jsan=""7.section-review-star,7.section-review-star-active,8.src,0.alt"" jsinstance=""2"" jstcache=""289"" src=""//maps.gstatic.com/consumer/images/icons/2x/ic_star_rate_14.png""/><img alt="""" class=""section-review-star section-review-star-active"" jsan=""7.section-review-star,7.section-review-star-active,8.src,0.alt"" jsinstance=""3"" jstcache=""289"" src=""//maps.gstatic.com/consumer/images/icons/2x/ic_star_rate_14.png""/><img alt="""" class=""section-review-star section-review-star-active"" jsan=""7.section-review-star,7.section-review-star-active,8.src,0.alt"" jsinstance=""*4"" jstcache=""289"" src=""//maps.gstatic.com/consumer/images/icons/2x/ic_star_rate_14.png""/> </span>",https://www.google.com/maps/contrib/109470373470578035566/reviews?hl=en-IN,Good food with fine options of cocktails & mocktails....,a year ago
 Khuben Dev ,"<span aria-label="" 5 stars "" class=""section-review-stars"" jsan=""7.section-review-stars,0.aria-label,0.role,t-1xcf3_7ROhA"" jstcache=""250"" role=""img""> <img alt="""" class=""section-review-star section-review-star-active"" jsan=""7.section-review-star,7.section-review-star-active,8.src,0.alt"" jsinstance=""0"" jstcache=""289"" src=""//maps.gstatic.com/consumer/images/icons/2x/ic_star_rate_14.png""/><img alt="""" class=""section-review-star section-review-star-active"" jsan=""7.section-review-star,7.section-review-star-active,8.src,0.alt"" jsinstance=""1"" jstcache=""289"" src=""//maps.gstatic.com/consumer/images/icons/2x/ic_star_rate_14.png""/><img alt="""" class=""section-review-star section-review-star-active"" jsan=""7.section-review-star,7.section-review-star-active,8.src,0.alt"" jsinstance=""2"" jstcache=""289"" src=""//maps.gstatic.com/consumer/images/icons/2x/ic_star_rate_14.png""/><img alt="""" class=""section-review-star section-review-star-active"" jsan=""7.section-review-star,7.section-review-star-active,8.src,0.alt"" jsinstance=""3"" jstcache=""289"" src=""//maps.gstatic.com/consumer/images/icons/2x/ic_star_rate_14.png""/><img alt="""" class=""section-review-star section-review-star-active"" jsan=""7.section-review-star,7.section-review-star-active,8.src,0.alt"" jsinstance=""*4"" jstcache=""289"" src=""//maps.gstatic.com/consumer/images/icons/2x/ic_star_rate_14.png""/> </span>",https://www.google.com/maps/contrib/101221907191472081123/reviews?hl=en-IN,Mast cofeeee cake bhaiooo,8 months ago
 Robin Joseph Abraham ,"<span aria-label="" 3 stars "" class=""section-review-stars"" jsan=""7.section-review-stars,0.aria-label,0.role,t-1xcf3_7ROhA"" jstcache=""250"" role=""img""> <img alt="""" class=""section-review-star section-review-star-active"" jsan=""7.section-review-star,7.section-review-star-active,8.src,0.alt"" jsinstance=""0"" jstcache=""289"" src=""//maps.gstatic.com/consumer/images/icons/2x/ic_star_rate_14.png""/><img alt="""" class=""section-review-star section-review-star-active"" jsan=""7.section-review-star,7.section-review-star-active,8.src,0.alt"" jsinstance=""1"" jstcache=""289"" src=""//maps.gstatic.com/consumer/images/icons/2x/ic_star_rate_14.png""/><img alt="""" class=""section-review-star section-review-star-active"" jsan=""7.section-review-star,7.section-review-star-active,8.src,0.alt"" jsinstance=""2"" jstcache=""289"" src=""//maps.gstatic.com/consumer/images/icons/2x/ic_star_rate_14.png""/><img alt="""" class=""section-review-star"" jsan=""7.section-review-star,8.src,0.alt"" jsinstance=""3"" jstcache=""289"" src=""//maps.gstatic.com/consumer/images/icons/2x/ic_star_rate_empty_14.png""/><img alt="""" class=""section-review-star"" jsan=""7.section-review-star,8.src,0.alt"" jsinstance=""*4"" jstcache=""289"" src=""//maps.gstatic.com/consumer/images/icons/2x/ic_star_rate_empty_14.png""/> </span>",https://www.google.com/maps/contrib/111739368217633443174/reviews?hl=en-IN,"CCD is always excellent. Now you can have a CCD exclusive coffee inside the airport. So if you are waiting for flights, have coffee from there.",4 years ago
 Sandeep Sherikar ,"<span aria-label="" 5 stars "" class=""section-review-stars"" jsan=""7.section-review-stars,0.aria-label,0.role,t-1xcf3_7ROhA"" jstcache=""250"" role=""img""> <img alt="""" class=""section-review-star section-review-star-active"" jsan=""7.section-review-star,7.section-review-star-active,8.src,0.alt"" jsinstance=""0"" jstcache=""289"" src=""//maps.gstatic.com/consumer/images/icons/2x/ic_star_rate_14.png""/><img alt="""" class=""section-review-star section-review-star-active"" jsan=""7.section-review-star,7.section-review-star-active,8.src,0.alt"" jsinstance=""1"" jstcache=""289"" src=""//maps.gstatic.com/consumer/images/icons/2x/ic_star_rate_14.png""/><img alt="""" class=""section-review-star section-review-star-active"" jsan=""7.section-review-star,7.section-review-star-active,8.src,0.alt"" jsinstance=""2"" jstcache=""289"" src=""//maps.gstatic.com/consumer/images/icons/2x/ic_star_rate_14.png""/><img alt="""" class=""section-review-star section-review-star-active"" jsan=""7.section-review-star,7.section-review-star-active,8.src,0.alt"" jsinstance=""3"" jstcache=""289"" src=""//maps.gstatic.com/consumer/images/icons/2x/ic_star_rate_14.png""/><img alt="""" class=""section-review-star section-review-star-active"" jsan=""7.section-review-star,7.section-review-star-active,8.src,0.alt"" jsinstance=""*4"" jstcache=""289"" src=""//maps.gstatic.com/consumer/images/icons/2x/ic_star_rate_14.png""/> </span>",https://www.google.com/maps/contrib/101594334210509749499/reviews?hl=en-IN,Very nice place and good customer service . Best place to have coffee .,a year ago
 AVISHEK DAS ,"<span aria-label="" 1 star "" class=""section-review-stars"" jsan=""7.section-review-stars,0.aria-label,0.role,t-1xcf3_7ROhA"" jstcache=""250"" role=""img""> <img alt="""" class=""section-review-star section-review-star-active"" jsan=""7.section-review-star,7.section-review-star-active,8.src,0.alt"" jsinstance=""0"" jstcache=""289"" src=""//maps.gstatic.com/consumer/images/icons/2x/ic_star_rate_14.png""/><img alt="""" class=""section-review-star"" jsan=""7.section-review-star,8.src,0.alt"" jsinstance=""1"" jstcache=""289"" src=""//maps.gstatic.com/consumer/images/icons/2x/ic_star_rate_empty_14.png""/><img alt="""" class=""section-review-star"" jsan=""7.section-review-star,8.src,0.alt"" jsinstance=""2"" jstcache=""289"" src=""//maps.gstatic.com/consumer/images/icons/2x/ic_star_rate_empty_14.png""/><img alt="""" class=""section-review-star"" jsan=""7.section-review-star,8.src,0.alt"" jsinstance=""3"" jstcache=""289"" src=""//maps.gstatic.com/consumer/images/icons/2x/ic_star_rate_empty_14.png""/><img alt="""" class=""section-review-star"" jsan=""7.section-review-star,8.src,0.alt"" jsinstance=""*4"" jstcache=""289"" src=""//maps.gstatic.com/consumer/images/icons/2x/ic_star_rate_empty_14.png""/> </span>",https://www.google.com/maps/contrib/112557810410878871320/reviews?hl=en-IN,I thought to give negative ratings..but no option. CCD is having good name and reputation.. but the service boys are main spoilers. Behaviour of this CCD service boy is worst. Advising not to visit ever.,a year ago
 Dora m.a. ,"<span aria-label="" 2 stars "" class=""section-review-stars"" jsan=""7.section-review-stars,0.aria-label,0.role,t-1xcf3_7ROhA"" jstcache=""250"" role=""img""> <img alt="""" class=""section-review-star section-review-star-active"" jsan=""7.section-review-star,7.section-review-star-active,8.src,0.alt"" jsinstance=""0"" jstcache=""289"" src=""//maps.gstatic.com/consumer/images/icons/2x/ic_star_rate_14.png""/><img alt="""" class=""section-review-star section-review-star-active"" jsan=""7.section-review-star,7.section-review-star-active,8.src,0.alt"" jsinstance=""1"" jstcache=""289"" src=""//maps.gstatic.com/consumer/images/icons/2x/ic_star_rate_14.png""/><img alt="""" class=""section-review-star"" jsan=""7.section-review-star,8.src,0.alt"" jsinstance=""2"" jstcache=""289"" src=""//maps.gstatic.com/consumer/images/icons/2x/ic_star_rate_empty_14.png""/><img alt="""" class=""section-review-star"" jsan=""7.section-review-star,8.src,0.alt"" jsinstance=""3"" jstcache=""289"" src=""//maps.gstatic.com/consumer/images/icons/2x/ic_star_rate_empty_14.png""/><img alt="""" class=""section-review-star"" jsan=""7.section-review-star,8.src,0.alt"" jsinstance=""*4"" jstcache=""289"" src=""//maps.gstatic.com/consumer/images/icons/2x/ic_star_rate_empty_14.png""/> </span>",https://www.google.com/maps/contrib/108961042416084309011/reviews?hl=en-IN,"Extremely expensive
Staff quality is poor
Its monopoly in departure checking section,  so they charge what ever!! INR 215 for a hot chocolate
Similar is with coffees
Pathetic ☹
As I am writing this in front of the cafe,  One of the staffs inside the counter washing a kitchen cloth in the sink and spitting in the same at the same time.
4 to 5am on March 11,2019",a year ago
 Asu Patel ,"<span aria-label="" 5 stars "" class=""section-review-stars"" jsan=""7.section-review-stars,0.aria-label,0.role,t-1xcf3_7ROhA"" jstcache=""250"" role=""img""> <img alt="""" class=""section-review-star section-review-star-active"" jsan=""7.section-review-star,7.section-review-star-active,8.src,0.alt"" jsinstance=""0"" jstcache=""289"" src=""//maps.gstatic.com/consumer/images/icons/2x/ic_star_rate_14.png""/><img alt="""" class=""section-review-star section-review-star-active"" jsan=""7.section-review-star,7.section-review-star-active,8.src,0.alt"" jsinstance=""1"" jstcache=""289"" src=""//maps.gstatic.com/consumer/images/icons/2x/ic_star_rate_14.png""/><img alt="""" class=""section-review-star section-review-star-active"" jsan=""7.section-review-star,7.section-review-star-active,8.src,0.alt"" jsinstance=""2"" jstcache=""289"" src=""//maps.gstatic.com/consumer/images/icons/2x/ic_star_rate_14.png""/><img alt="""" class=""section-review-star section-review-star-active"" jsan=""7.section-review-star,7.section-review-star-active,8.src,0.alt"" jsinstance=""3"" jstcache=""289"" src=""//maps.gstatic.com/consumer/images/icons/2x/ic_star_rate_14.png""/><img alt="""" class=""section-review-star section-review-star-active"" jsan=""7.section-review-star,7.section-review-star-active,8.src,0.alt"" jsinstance=""*4"" jstcache=""289"" src=""//maps.gstatic.com/consumer/images/icons/2x/ic_star_rate_14.png""/> </span>",https://www.google.com/maps/contrib/108855183948432091529/reviews?hl=en-IN,As always feel proud when you go to cafeteria for hanging out but it may more proud if when you go Indian coffee house CCD are Indian coffee chain food restaurant just Loved cappuccino with extra brown sugar gives you wing to fly high,a year ago
 Puneet S. Ajal ,"<span aria-label="" 4 stars "" class=""section-review-stars"" jsan=""7.section-review-stars,0.aria-label,0.role,t-1xcf3_7ROhA"" jstcache=""250"" role=""img""> <img alt="""" class=""section-review-star section-review-star-active"" jsan=""7.section-review-star,7.section-review-star-active,8.src,0.alt"" jsinstance=""0"" jstcache=""289"" src=""//maps.gstatic.com/consumer/images/icons/2x/ic_star_rate_14.png""/><img alt="""" class=""section-review-star section-review-star-active"" jsan=""7.section-review-star,7.section-review-star-active,8.src,0.alt"" jsinstance=""1"" jstcache=""289"" src=""//maps.gstatic.com/consumer/images/icons/2x/ic_star_rate_14.png""/><img alt="""" class=""section-review-star section-review-star-active"" jsan=""7.section-review-star,7.section-review-star-active,8.src,0.alt"" jsinstance=""2"" jstcache=""289"" src=""//maps.gstatic.com/consumer/images/icons/2x/ic_star_rate_14.png""/><img alt="""" class=""section-review-star section-review-star-active"" jsan=""7.section-review-star,7.section-review-star-active,8.src,0.alt"" jsinstance=""3"" jstcache=""289"" src=""//maps.gstatic.com/consumer/images/icons/2x/ic_star_rate_14.png""/><img alt="""" class=""section-review-star"" jsan=""7.section-review-star,8.src,0.alt"" jsinstance=""*4"" jstcache=""289"" src=""//maps.gstatic.com/consumer/images/icons/2x/ic_star_rate_empty_14.png""/> </span>",https://www.google.com/maps/contrib/115472713806014357744/reviews?hl=en-IN,KIA banglore airport.. nice place to hang around..one of the best hang around area around any airport..,a year ago
 Sunil Shankar ,"<span aria-label="" 2 stars "" class=""section-review-stars"" jsan=""7.section-review-stars,0.aria-label,0.role,t-1xcf3_7ROhA"" jstcache=""250"" role=""img""> <img alt="""" class=""section-review-star section-review-star-active"" jsan=""7.section-review-star,7.section-review-star-active,8.src,0.alt"" jsinstance=""0"" jstcache=""289"" src=""//maps.gstatic.com/consumer/images/icons/2x/ic_star_rate_14.png""/><img alt="""" class=""section-review-star section-review-star-active"" jsan=""7.section-review-star,7.section-review-star-active,8.src,0.alt"" jsinstance=""1"" jstcache=""289"" src=""//maps.gstatic.com/consumer/images/icons/2x/ic_star_rate_14.png""/><img alt="""" class=""section-review-star"" jsan=""7.section-review-star,8.src,0.alt"" jsinstance=""2"" jstcache=""289"" src=""//maps.gstatic.com/consumer/images/icons/2x/ic_star_rate_empty_14.png""/><img alt="""" class=""section-review-star"" jsan=""7.section-review-star,8.src,0.alt"" jsinstance=""3"" jstcache=""289"" src=""//maps.gstatic.com/consumer/images/icons/2x/ic_star_rate_empty_14.png""/><img alt="""" class=""section-review-star"" jsan=""7.section-review-star,8.src,0.alt"" jsinstance=""*4"" jstcache=""289"" src=""//maps.gstatic.com/consumer/images/icons/2x/ic_star_rate_empty_14.png""/> </span>",https://www.google.com/maps/contrib/110322416803686143510/reviews?hl=en-IN,"Poor attitude of the staff, and didn't give me a bill for my purchase at 01:00am for my coffee.",10 months ago
 PMM J ,"<span aria-label="" 4 stars "" class=""section-review-stars"" jsan=""7.section-review-stars,0.aria-label,0.role,t-1xcf3_7ROhA"" jstcache=""250"" role=""img""> <img alt="""" class=""section-review-star section-review-star-active"" jsan=""7.section-review-star,7.section-review-star-active,8.src,0.alt"" jsinstance=""0"" jstcache=""289"" src=""//maps.gstatic.com/consumer/images/icons/2x/ic_star_rate_14.png""/><img alt="""" class=""section-review-star section-review-star-active"" jsan=""7.section-review-star,7.section-review-star-active,8.src,0.alt"" jsinstance=""1"" jstcache=""289"" src=""//maps.gstatic.com/consumer/images/icons/2x/ic_star_rate_14.png""/><img alt="""" class=""section-review-star section-review-star-active"" jsan=""7.section-review-star,7.section-review-star-active,8.src,0.alt"" jsinstance=""2"" jstcache=""289"" src=""//maps.gstatic.com/consumer/images/icons/2x/ic_star_rate_14.png""/><img alt="""" class=""section-review-star section-review-star-active"" jsan=""7.section-review-star,7.section-review-star-active,8.src,0.alt"" jsinstance=""3"" jstcache=""289"" src=""//maps.gstatic.com/consumer/images/icons/2x/ic_star_rate_14.png""/><img alt="""" class=""section-review-star"" jsan=""7.section-review-star,8.src,0.alt"" jsinstance=""*4"" jstcache=""289"" src=""//maps.gstatic.com/consumer/images/icons/2x/ic_star_rate_empty_14.png""/> </span>",https://www.google.com/maps/contrib/108491822687170178200/reviews?hl=en-IN,Good on the pocket and a great hang out,10 months ago
 ankit jain ,"<span aria-label="" 1 star "" class=""section-review-stars"" jsan=""7.section-review-stars,0.aria-label,0.role,t-1xcf3_7ROhA"" jstcache=""250"" role=""img""> <img alt="""" class=""section-review-star section-review-star-active"" jsan=""7.section-review-star,7.section-review-star-active,8.src,0.alt"" jsinstance=""0"" jstcache=""289"" src=""//maps.gstatic.com/consumer/images/icons/2x/ic_star_rate_14.png""/><img alt="""" class=""section-review-star"" jsan=""7.section-review-star,8.src,0.alt"" jsinstance=""1"" jstcache=""289"" src=""//maps.gstatic.com/consumer/images/icons/2x/ic_star_rate_empty_14.png""/><img alt="""" class=""section-review-star"" jsan=""7.section-review-star,8.src,0.alt"" jsinstance=""2"" jstcache=""289"" src=""//maps.gstatic.com/consumer/images/icons/2x/ic_star_rate_empty_14.png""/><img alt="""" class=""section-review-star"" jsan=""7.section-review-star,8.src,0.alt"" jsinstance=""3"" jstcache=""289"" src=""//maps.gstatic.com/consumer/images/icons/2x/ic_star_rate_empty_14.png""/><img alt="""" class=""section-review-star"" jsan=""7.section-review-star,8.src,0.alt"" jsinstance=""*4"" jstcache=""289"" src=""//maps.gstatic.com/consumer/images/icons/2x/ic_star_rate_empty_14.png""/> </span>",https://www.google.com/maps/contrib/118429621897666782564/reviews?hl=en-IN,"I ordered Garlic Bread and it was worst.. They told me to refund amount but unfortunately i did not received the refund... At the end, it was full waste",a year ago
 Sunil Varghese ,"<span aria-label="" 5 stars "" class=""section-review-stars"" jsan=""7.section-review-stars,0.aria-label,0.role,t-1xcf3_7ROhA"" jstcache=""250"" role=""img""> <img alt="""" class=""section-review-star section-review-star-active"" jsan=""7.section-review-star,7.section-review-star-active,8.src,0.alt"" jsinstance=""0"" jstcache=""289"" src=""//maps.gstatic.com/consumer/images/icons/2x/ic_star_rate_14.png""/><img alt="""" class=""section-review-star section-review-star-active"" jsan=""7.section-review-star,7.section-review-star-active,8.src,0.alt"" jsinstance=""1"" jstcache=""289"" src=""//maps.gstatic.com/consumer/images/icons/2x/ic_star_rate_14.png""/><img alt="""" class=""section-review-star section-review-star-active"" jsan=""7.section-review-star,7.section-review-star-active,8.src,0.alt"" jsinstance=""2"" jstcache=""289"" src=""//maps.gstatic.com/consumer/images/icons/2x/ic_star_rate_14.png""/><img alt="""" class=""section-review-star section-review-star-active"" jsan=""7.section-review-star,7.section-review-star-active,8.src,0.alt"" jsinstance=""3"" jstcache=""289"" src=""//maps.gstatic.com/consumer/images/icons/2x/ic_star_rate_14.png""/><img alt="""" class=""section-review-star section-review-star-active"" jsan=""7.section-review-star,7.section-review-star-active,8.src,0.alt"" jsinstance=""*4"" jstcache=""289"" src=""//maps.gstatic.com/consumer/images/icons/2x/ic_star_rate_14.png""/> </span>",https://www.google.com/maps/contrib/112177774709937237697/reviews?hl=en-IN,Hospitable service staff. I asked if there was a lounge they happily said I could sit there till my flight. Had some grub. Very decent people so I did  not mind the price.,3 years ago
 Deepak Mahadevan ,"<span aria-label="" 4 stars "" class=""section-review-stars"" jsan=""7.section-review-stars,0.aria-label,0.role,t-1xcf3_7ROhA"" jstcache=""250"" role=""img""> <img alt="""" class=""section-review-star section-review-star-active"" jsan=""7.section-review-star,7.section-review-star-active,8.src,0.alt"" jsinstance=""0"" jstcache=""289"" src=""//maps.gstatic.com/consumer/images/icons/2x/ic_star_rate_14.png""/><img alt="""" class=""section-review-star section-review-star-active"" jsan=""7.section-review-star,7.section-review-star-active,8.src,0.alt"" jsinstance=""1"" jstcache=""289"" src=""//maps.gstatic.com/consumer/images/icons/2x/ic_star_rate_14.png""/><img alt="""" class=""section-review-star section-review-star-active"" jsan=""7.section-review-star,7.section-review-star-active,8.src,0.alt"" jsinstance=""2"" jstcache=""289"" src=""//maps.gstatic.com/consumer/images/icons/2x/ic_star_rate_14.png""/><img alt="""" class=""section-review-star section-review-star-active"" jsan=""7.section-review-star,7.section-review-star-active,8.src,0.alt"" jsinstance=""3"" jstcache=""289"" src=""//maps.gstatic.com/consumer/images/icons/2x/ic_star_rate_14.png""/><img alt="""" class=""section-review-star"" jsan=""7.section-review-star,8.src,0.alt"" jsinstance=""*4"" jstcache=""289"" src=""//maps.gstatic.com/consumer/images/icons/2x/ic_star_rate_empty_14.png""/> </span>",https://www.google.com/maps/contrib/101005372712220869815/reviews?hl=en-IN,Good place to spend time while waiting in airport near arrival gate.,a year ago
 JOSEPH ANTONY J ,"<span aria-label="" 4 stars "" class=""section-review-stars"" jsan=""7.section-review-stars,0.aria-label,0.role,t-1xcf3_7ROhA"" jstcache=""250"" role=""img""> <img alt="""" class=""section-review-star section-review-star-active"" jsan=""7.section-review-star,7.section-review-star-active,8.src,0.alt"" jsinstance=""0"" jstcache=""289"" src=""//maps.gstatic.com/consumer/images/icons/2x/ic_star_rate_14.png""/><img alt="""" class=""section-review-star section-review-star-active"" jsan=""7.section-review-star,7.section-review-star-active,8.src,0.alt"" jsinstance=""1"" jstcache=""289"" src=""//maps.gstatic.com/consumer/images/icons/2x/ic_star_rate_14.png""/><img alt="""" class=""section-review-star section-review-star-active"" jsan=""7.section-review-star,7.section-review-star-active,8.src,0.alt"" jsinstance=""2"" jstcache=""289"" src=""//maps.gstatic.com/consumer/images/icons/2x/ic_star_rate_14.png""/><img alt="""" class=""section-review-star section-review-star-active"" jsan=""7.section-review-star,7.section-review-star-active,8.src,0.alt"" jsinstance=""3"" jstcache=""289"" src=""//maps.gstatic.com/consumer/images/icons/2x/ic_star_rate_14.png""/><img alt="""" class=""section-review-star"" jsan=""7.section-review-star,8.src,0.alt"" jsinstance=""*4"" jstcache=""289"" src=""//maps.gstatic.com/consumer/images/icons/2x/ic_star_rate_empty_14.png""/> </span>",https://www.google.com/maps/contrib/103678575047632458691/reviews?hl=en-IN,For a quick coffee before departure or after arrival. Just besides the Uber pick up point. Standard service of CCD.,a year ago
 Pravin Shinde ,"<span aria-label="" 4 stars "" class=""section-review-stars"" jsan=""7.section-review-stars,0.aria-label,0.role,t-1xcf3_7ROhA"" jstcache=""250"" role=""img""> <img alt="""" class=""section-review-star section-review-star-active"" jsan=""7.section-review-star,7.section-review-star-active,8.src,0.alt"" jsinstance=""0"" jstcache=""289"" src=""//maps.gstatic.com/consumer/images/icons/2x/ic_star_rate_14.png""/><img alt="""" class=""section-review-star section-review-star-active"" jsan=""7.section-review-star,7.section-review-star-active,8.src,0.alt"" jsinstance=""1"" jstcache=""289"" src=""//maps.gstatic.com/consumer/images/icons/2x/ic_star_rate_14.png""/><img alt="""" class=""section-review-star section-review-star-active"" jsan=""7.section-review-star,7.section-review-star-active,8.src,0.alt"" jsinstance=""2"" jstcache=""289"" src=""//maps.gstatic.com/consumer/images/icons/2x/ic_star_rate_14.png""/><img alt="""" class=""section-review-star section-review-star-active"" jsan=""7.section-review-star,7.section-review-star-active,8.src,0.alt"" jsinstance=""3"" jstcache=""289"" src=""//maps.gstatic.com/consumer/images/icons/2x/ic_star_rate_14.png""/><img alt="""" class=""section-review-star"" jsan=""7.section-review-star,8.src,0.alt"" jsinstance=""*4"" jstcache=""289"" src=""//maps.gstatic.com/consumer/images/icons/2x/ic_star_rate_empty_14.png""/> </span>",https://www.google.com/maps/contrib/103418949193611525908/reviews?hl=en-IN,"Good place.
Open Garden restaurant.
Nice coffee & service",a year ago
 Kala Lurve ,"<span aria-label="" 1 star "" class=""section-review-stars"" jsan=""7.section-review-stars,0.aria-label,0.role,t-1xcf3_7ROhA"" jstcache=""250"" role=""img""> <img alt="""" class=""section-review-star section-review-star-active"" jsan=""7.section-review-star,7.section-review-star-active,8.src,0.alt"" jsinstance=""0"" jstcache=""289"" src=""//maps.gstatic.com/consumer/images/icons/2x/ic_star_rate_14.png""/><img alt="""" class=""section-review-star"" jsan=""7.section-review-star,8.src,0.alt"" jsinstance=""1"" jstcache=""289"" src=""//maps.gstatic.com/consumer/images/icons/2x/ic_star_rate_empty_14.png""/><img alt="""" class=""section-review-star"" jsan=""7.section-review-star,8.src,0.alt"" jsinstance=""2"" jstcache=""289"" src=""//maps.gstatic.com/consumer/images/icons/2x/ic_star_rate_empty_14.png""/><img alt="""" class=""section-review-star"" jsan=""7.section-review-star,8.src,0.alt"" jsinstance=""3"" jstcache=""289"" src=""//maps.gstatic.com/consumer/images/icons/2x/ic_star_rate_empty_14.png""/><img alt="""" class=""section-review-star"" jsan=""7.section-review-star,8.src,0.alt"" jsinstance=""*4"" jstcache=""289"" src=""//maps.gstatic.com/consumer/images/icons/2x/ic_star_rate_empty_14.png""/> </span>",https://www.google.com/maps/contrib/104640197965482911077/reviews?hl=en-IN,Bad service. Forgot our order. Gave wrong order twice. Also giving wrong orders to other customers. Not up to standard as the cafe coffee day at other outlets. Very bad experience.,a year ago
 VINOD KUMAR R ,"<span aria-label="" 5 stars "" class=""section-review-stars"" jsan=""7.section-review-stars,0.aria-label,0.role,t-1xcf3_7ROhA"" jstcache=""250"" role=""img""> <img alt="""" class=""section-review-star section-review-star-active"" jsan=""7.section-review-star,7.section-review-star-active,8.src,0.alt"" jsinstance=""0"" jstcache=""289"" src=""//maps.gstatic.com/consumer/images/icons/2x/ic_star_rate_14.png""/><img alt="""" class=""section-review-star section-review-star-active"" jsan=""7.section-review-star,7.section-review-star-active,8.src,0.alt"" jsinstance=""1"" jstcache=""289"" src=""//maps.gstatic.com/consumer/images/icons/2x/ic_star_rate_14.png""/><img alt="""" class=""section-review-star section-review-star-active"" jsan=""7.section-review-star,7.section-review-star-active,8.src,0.alt"" jsinstance=""2"" jstcache=""289"" src=""//maps.gstatic.com/consumer/images/icons/2x/ic_star_rate_14.png""/><img alt="""" class=""section-review-star section-review-star-active"" jsan=""7.section-review-star,7.section-review-star-active,8.src,0.alt"" jsinstance=""3"" jstcache=""289"" src=""//maps.gstatic.com/consumer/images/icons/2x/ic_star_rate_14.png""/><img alt="""" class=""section-review-star section-review-star-active"" jsan=""7.section-review-star,7.section-review-star-active,8.src,0.alt"" jsinstance=""*4"" jstcache=""289"" src=""//maps.gstatic.com/consumer/images/icons/2x/ic_star_rate_14.png""/> </span>",https://www.google.com/maps/contrib/109692502637792985662/reviews?hl=en-IN,"A Best Coffee's are served Here, Hygiene and cleanliness are perfect, Better to get refreshments here",a year ago
 Nagaraju V ,"<span aria-label="" 4 stars "" class=""section-review-stars"" jsan=""7.section-review-stars,0.aria-label,0.role,t-1xcf3_7ROhA"" jstcache=""250"" role=""img""> <img alt="""" class=""section-review-star section-review-star-active"" jsan=""7.section-review-star,7.section-review-star-active,8.src,0.alt"" jsinstance=""0"" jstcache=""289"" src=""//maps.gstatic.com/consumer/images/icons/2x/ic_star_rate_14.png""/><img alt="""" class=""section-review-star section-review-star-active"" jsan=""7.section-review-star,7.section-review-star-active,8.src,0.alt"" jsinstance=""1"" jstcache=""289"" src=""//maps.gstatic.com/consumer/images/icons/2x/ic_star_rate_14.png""/><img alt="""" class=""section-review-star section-review-star-active"" jsan=""7.section-review-star,7.section-review-star-active,8.src,0.alt"" jsinstance=""2"" jstcache=""289"" src=""//maps.gstatic.com/consumer/images/icons/2x/ic_star_rate_14.png""/><img alt="""" class=""section-review-star section-review-star-active"" jsan=""7.section-review-star,7.section-review-star-active,8.src,0.alt"" jsinstance=""3"" jstcache=""289"" src=""//maps.gstatic.com/consumer/images/icons/2x/ic_star_rate_14.png""/><img alt="""" class=""section-review-star"" jsan=""7.section-review-star,8.src,0.alt"" jsinstance=""*4"" jstcache=""289"" src=""//maps.gstatic.com/consumer/images/icons/2x/ic_star_rate_empty_14.png""/> </span>",https://www.google.com/maps/contrib/118104026964704086933/reviews?hl=en-IN,Just like any coffee day..but ambience in airport was very good,a year ago
 Dushyanth Yadav ,"<span aria-label="" 5 stars "" class=""section-review-stars"" jsan=""7.section-review-stars,0.aria-label,0.role,t-1xcf3_7ROhA"" jstcache=""250"" role=""img""> <img alt="""" class=""section-review-star section-review-star-active"" jsan=""7.section-review-star,7.section-review-star-active,8.src,0.alt"" jsinstance=""0"" jstcache=""289"" src=""//maps.gstatic.com/consumer/images/icons/2x/ic_star_rate_14.png""/><img alt="""" class=""section-review-star section-review-star-active"" jsan=""7.section-review-star,7.section-review-star-active,8.src,0.alt"" jsinstance=""1"" jstcache=""289"" src=""//maps.gstatic.com/consumer/images/icons/2x/ic_star_rate_14.png""/><img alt="""" class=""section-review-star section-review-star-active"" jsan=""7.section-review-star,7.section-review-star-active,8.src,0.alt"" jsinstance=""2"" jstcache=""289"" src=""//maps.gstatic.com/consumer/images/icons/2x/ic_star_rate_14.png""/><img alt="""" class=""section-review-star section-review-star-active"" jsan=""7.section-review-star,7.section-review-star-active,8.src,0.alt"" jsinstance=""3"" jstcache=""289"" src=""//maps.gstatic.com/consumer/images/icons/2x/ic_star_rate_14.png""/><img alt="""" class=""section-review-star section-review-star-active"" jsan=""7.section-review-star,7.section-review-star-active,8.src,0.alt"" jsinstance=""*4"" jstcache=""289"" src=""//maps.gstatic.com/consumer/images/icons/2x/ic_star_rate_14.png""/> </span>",https://www.google.com/maps/contrib/105038079063147876633/reviews?hl=en-IN,"Everyone knows what about cafe coffee day at kempegowda international airport we will find 2 cafe coffee days one near at new quard by bial
It's closer to Uber pick up point and one more is near ptb called as departure terminal inside its best CCD for couples and lovers, coffee lovers and now it's constricted beautiful best coffee and cakes u will get",a year ago
 Amrit Agarwal ,"<span aria-label="" 1 star "" class=""section-review-stars"" jsan=""7.section-review-stars,0.aria-label,0.role,t-1xcf3_7ROhA"" jstcache=""250"" role=""img""> <img alt="""" class=""section-review-star section-review-star-active"" jsan=""7.section-review-star,7.section-review-star-active,8.src,0.alt"" jsinstance=""0"" jstcache=""289"" src=""//maps.gstatic.com/consumer/images/icons/2x/ic_star_rate_14.png""/><img alt="""" class=""section-review-star"" jsan=""7.section-review-star,8.src,0.alt"" jsinstance=""1"" jstcache=""289"" src=""//maps.gstatic.com/consumer/images/icons/2x/ic_star_rate_empty_14.png""/><img alt="""" class=""section-review-star"" jsan=""7.section-review-star,8.src,0.alt"" jsinstance=""2"" jstcache=""289"" src=""//maps.gstatic.com/consumer/images/icons/2x/ic_star_rate_empty_14.png""/><img alt="""" class=""section-review-star"" jsan=""7.section-review-star,8.src,0.alt"" jsinstance=""3"" jstcache=""289"" src=""//maps.gstatic.com/consumer/images/icons/2x/ic_star_rate_empty_14.png""/><img alt="""" class=""section-review-star"" jsan=""7.section-review-star,8.src,0.alt"" jsinstance=""*4"" jstcache=""289"" src=""//maps.gstatic.com/consumer/images/icons/2x/ic_star_rate_empty_14.png""/> </span>",https://www.google.com/maps/contrib/100480843777275339909/reviews?hl=en-IN,"Service guy fooled me,i ordered 2 cold coffee mocha he gave banana caramel frappe intentionally and billed 150 extra. Feels bad to see such behaviour at airport where u are already charging extra",a year ago
 Frozen Stuff ,"<span aria-label="" 2 stars "" class=""section-review-stars"" jsan=""7.section-review-stars,0.aria-label,0.role,t-1xcf3_7ROhA"" jstcache=""250"" role=""img""> <img alt="""" class=""section-review-star section-review-star-active"" jsan=""7.section-review-star,7.section-review-star-active,8.src,0.alt"" jsinstance=""0"" jstcache=""289"" src=""//maps.gstatic.com/consumer/images/icons/2x/ic_star_rate_14.png""/><img alt="""" class=""section-review-star section-review-star-active"" jsan=""7.section-review-star,7.section-review-star-active,8.src,0.alt"" jsinstance=""1"" jstcache=""289"" src=""//maps.gstatic.com/consumer/images/icons/2x/ic_star_rate_14.png""/><img alt="""" class=""section-review-star"" jsan=""7.section-review-star,8.src,0.alt"" jsinstance=""2"" jstcache=""289"" src=""//maps.gstatic.com/consumer/images/icons/2x/ic_star_rate_empty_14.png""/><img alt="""" class=""section-review-star"" jsan=""7.section-review-star,8.src,0.alt"" jsinstance=""3"" jstcache=""289"" src=""//maps.gstatic.com/consumer/images/icons/2x/ic_star_rate_empty_14.png""/><img alt="""" class=""section-review-star"" jsan=""7.section-review-star,8.src,0.alt"" jsinstance=""*4"" jstcache=""289"" src=""//maps.gstatic.com/consumer/images/icons/2x/ic_star_rate_empty_14.png""/> </span>",https://www.google.com/maps/contrib/105548373621149526766/reviews?hl=en-IN,"Make something interesting menu ,   Just bread or with your  signature drinks .. I’m out",2 years ago
 Harsh garg ,"<span aria-label="" 5 stars "" class=""section-review-stars"" jsan=""7.section-review-stars,0.aria-label,0.role,t-1xcf3_7ROhA"" jstcache=""250"" role=""img""> <img alt="""" class=""section-review-star section-review-star-active"" jsan=""7.section-review-star,7.section-review-star-active,8.src,0.alt"" jsinstance=""0"" jstcache=""289"" src=""//maps.gstatic.com/consumer/images/icons/2x/ic_star_rate_14.png""/><img alt="""" class=""section-review-star section-review-star-active"" jsan=""7.section-review-star,7.section-review-star-active,8.src,0.alt"" jsinstance=""1"" jstcache=""289"" src=""//maps.gstatic.com/consumer/images/icons/2x/ic_star_rate_14.png""/><img alt="""" class=""section-review-star section-review-star-active"" jsan=""7.section-review-star,7.section-review-star-active,8.src,0.alt"" jsinstance=""2"" jstcache=""289"" src=""//maps.gstatic.com/consumer/images/icons/2x/ic_star_rate_14.png""/><img alt="""" class=""section-review-star section-review-star-active"" jsan=""7.section-review-star,7.section-review-star-active,8.src,0.alt"" jsinstance=""3"" jstcache=""289"" src=""//maps.gstatic.com/consumer/images/icons/2x/ic_star_rate_14.png""/><img alt="""" class=""section-review-star section-review-star-active"" jsan=""7.section-review-star,7.section-review-star-active,8.src,0.alt"" jsinstance=""*4"" jstcache=""289"" src=""//maps.gstatic.com/consumer/images/icons/2x/ic_star_rate_14.png""/> </span>",https://www.google.com/maps/contrib/104233914729881840760/reviews?hl=en-IN,Nice place and great ambiance,9 months ago
 Sreejith Bal ,"<span aria-label="" 2 stars "" class=""section-review-stars"" jsan=""7.section-review-stars,0.aria-label,0.role,t-1xcf3_7ROhA"" jstcache=""250"" role=""img""> <img alt="""" class=""section-review-star section-review-star-active"" jsan=""7.section-review-star,7.section-review-star-active,8.src,0.alt"" jsinstance=""0"" jstcache=""289"" src=""//maps.gstatic.com/consumer/images/icons/2x/ic_star_rate_14.png""/><img alt="""" class=""section-review-star section-review-star-active"" jsan=""7.section-review-star,7.section-review-star-active,8.src,0.alt"" jsinstance=""1"" jstcache=""289"" src=""//maps.gstatic.com/consumer/images/icons/2x/ic_star_rate_14.png""/><img alt="""" class=""section-review-star"" jsan=""7.section-review-star,8.src,0.alt"" jsinstance=""2"" jstcache=""289"" src=""//maps.gstatic.com/consumer/images/icons/2x/ic_star_rate_empty_14.png""/><img alt="""" class=""section-review-star"" jsan=""7.section-review-star,8.src,0.alt"" jsinstance=""3"" jstcache=""289"" src=""//maps.gstatic.com/consumer/images/icons/2x/ic_star_rate_empty_14.png""/><img alt="""" class=""section-review-star"" jsan=""7.section-review-star,8.src,0.alt"" jsinstance=""*4"" jstcache=""289"" src=""//maps.gstatic.com/consumer/images/icons/2x/ic_star_rate_empty_14.png""/> </span>",https://www.google.com/maps/contrib/105223626205004786271/reviews?hl=en-IN,Purchased a cake as take away but didn't provide a carry bag .How am I supposed to take it ???,a year ago
 Christian Schuchardt ,"<span aria-label="" 2 stars "" class=""section-review-stars"" jsan=""7.section-review-stars,0.aria-label,0.role,t-1xcf3_7ROhA"" jstcache=""250"" role=""img""> <img alt="""" class=""section-review-star section-review-star-active"" jsan=""7.section-review-star,7.section-review-star-active,8.src,0.alt"" jsinstance=""0"" jstcache=""289"" src=""//maps.gstatic.com/consumer/images/icons/2x/ic_star_rate_14.png""/><img alt="""" class=""section-review-star section-review-star-active"" jsan=""7.section-review-star,7.section-review-star-active,8.src,0.alt"" jsinstance=""1"" jstcache=""289"" src=""//maps.gstatic.com/consumer/images/icons/2x/ic_star_rate_14.png""/><img alt="""" class=""section-review-star"" jsan=""7.section-review-star,8.src,0.alt"" jsinstance=""2"" jstcache=""289"" src=""//maps.gstatic.com/consumer/images/icons/2x/ic_star_rate_empty_14.png""/><img alt="""" class=""section-review-star"" jsan=""7.section-review-star,8.src,0.alt"" jsinstance=""3"" jstcache=""289"" src=""//maps.gstatic.com/consumer/images/icons/2x/ic_star_rate_empty_14.png""/><img alt="""" class=""section-review-star"" jsan=""7.section-review-star,8.src,0.alt"" jsinstance=""*4"" jstcache=""289"" src=""//maps.gstatic.com/consumer/images/icons/2x/ic_star_rate_empty_14.png""/> </span>",https://www.google.com/maps/contrib/110881024918926573878/reviews?hl=en-IN,"I am rating the quality of the coffee, especially the espresso. It is simply not good.",a year ago
 Debabrata Barman ,"<span aria-label="" 5 stars "" class=""section-review-stars"" jsan=""7.section-review-stars,0.aria-label,0.role,t-1xcf3_7ROhA"" jstcache=""250"" role=""img""> <img alt="""" class=""section-review-star section-review-star-active"" jsan=""7.section-review-star,7.section-review-star-active,8.src,0.alt"" jsinstance=""0"" jstcache=""289"" src=""//maps.gstatic.com/consumer/images/icons/2x/ic_star_rate_14.png""/><img alt="""" class=""section-review-star section-review-star-active"" jsan=""7.section-review-star,7.section-review-star-active,8.src,0.alt"" jsinstance=""1"" jstcache=""289"" src=""//maps.gstatic.com/consumer/images/icons/2x/ic_star_rate_14.png""/><img alt="""" class=""section-review-star section-review-star-active"" jsan=""7.section-review-star,7.section-review-star-active,8.src,0.alt"" jsinstance=""2"" jstcache=""289"" src=""//maps.gstatic.com/consumer/images/icons/2x/ic_star_rate_14.png""/><img alt="""" class=""section-review-star section-review-star-active"" jsan=""7.section-review-star,7.section-review-star-active,8.src,0.alt"" jsinstance=""3"" jstcache=""289"" src=""//maps.gstatic.com/consumer/images/icons/2x/ic_star_rate_14.png""/><img alt="""" class=""section-review-star section-review-star-active"" jsan=""7.section-review-star,7.section-review-star-active,8.src,0.alt"" jsinstance=""*4"" jstcache=""289"" src=""//maps.gstatic.com/consumer/images/icons/2x/ic_star_rate_14.png""/> </span>",https://www.google.com/maps/contrib/100331393937154033901/reviews?hl=en-IN,Nice coffee with snacks,a year ago
 Arpan Routh ,"<span aria-label="" 4 stars "" class=""section-review-stars"" jsan=""7.section-review-stars,0.aria-label,0.role,t-1xcf3_7ROhA"" jstcache=""250"" role=""img""> <img alt="""" class=""section-review-star section-review-star-active"" jsan=""7.section-review-star,7.section-review-star-active,8.src,0.alt"" jsinstance=""0"" jstcache=""289"" src=""//maps.gstatic.com/consumer/images/icons/2x/ic_star_rate_14.png""/><img alt="""" class=""section-review-star section-review-star-active"" jsan=""7.section-review-star,7.section-review-star-active,8.src,0.alt"" jsinstance=""1"" jstcache=""289"" src=""//maps.gstatic.com/consumer/images/icons/2x/ic_star_rate_14.png""/><img alt="""" class=""section-review-star section-review-star-active"" jsan=""7.section-review-star,7.section-review-star-active,8.src,0.alt"" jsinstance=""2"" jstcache=""289"" src=""//maps.gstatic.com/consumer/images/icons/2x/ic_star_rate_14.png""/><img alt="""" class=""section-review-star section-review-star-active"" jsan=""7.section-review-star,7.section-review-star-active,8.src,0.alt"" jsinstance=""3"" jstcache=""289"" src=""//maps.gstatic.com/consumer/images/icons/2x/ic_star_rate_14.png""/><img alt="""" class=""section-review-star"" jsan=""7.section-review-star,8.src,0.alt"" jsinstance=""*4"" jstcache=""289"" src=""//maps.gstatic.com/consumer/images/icons/2x/ic_star_rate_empty_14.png""/> </span>",https://www.google.com/maps/contrib/116790682990127110169/reviews?hl=en-IN,Dark Coffee Fraffe is good... You can try,a year ago
 Bhaskara Rao ,"<span aria-label="" 4 stars "" class=""section-review-stars"" jsan=""7.section-review-stars,0.aria-label,0.role,t-1xcf3_7ROhA"" jstcache=""250"" role=""img""> <img alt="""" class=""section-review-star section-review-star-active"" jsan=""7.section-review-star,7.section-review-star-active,8.src,0.alt"" jsinstance=""0"" jstcache=""289"" src=""//maps.gstatic.com/consumer/images/icons/2x/ic_star_rate_14.png""/><img alt="""" class=""section-review-star section-review-star-active"" jsan=""7.section-review-star,7.section-review-star-active,8.src,0.alt"" jsinstance=""1"" jstcache=""289"" src=""//maps.gstatic.com/consumer/images/icons/2x/ic_star_rate_14.png""/><img alt="""" class=""section-review-star section-review-star-active"" jsan=""7.section-review-star,7.section-review-star-active,8.src,0.alt"" jsinstance=""2"" jstcache=""289"" src=""//maps.gstatic.com/consumer/images/icons/2x/ic_star_rate_14.png""/><img alt="""" class=""section-review-star section-review-star-active"" jsan=""7.section-review-star,7.section-review-star-active,8.src,0.alt"" jsinstance=""3"" jstcache=""289"" src=""//maps.gstatic.com/consumer/images/icons/2x/ic_star_rate_14.png""/><img alt="""" class=""section-review-star"" jsan=""7.section-review-star,8.src,0.alt"" jsinstance=""*4"" jstcache=""289"" src=""//maps.gstatic.com/consumer/images/icons/2x/ic_star_rate_empty_14.png""/> </span>",https://www.google.com/maps/contrib/109016347458594449488/reviews?hl=en-IN,Ok coffee but good place fr hangout,2 years ago
 abdoulie njie ,"<span aria-label="" 5 stars "" class=""section-review-stars"" jsan=""7.section-review-stars,0.aria-label,0.role,t-1xcf3_7ROhA"" jstcache=""250"" role=""img""> <img alt="""" class=""section-review-star section-review-star-active"" jsan=""7.section-review-star,7.section-review-star-active,8.src,0.alt"" jsinstance=""0"" jstcache=""289"" src=""//maps.gstatic.com/consumer/images/icons/2x/ic_star_rate_14.png""/><img alt="""" class=""section-review-star section-review-star-active"" jsan=""7.section-review-star,7.section-review-star-active,8.src,0.alt"" jsinstance=""1"" jstcache=""289"" src=""//maps.gstatic.com/consumer/images/icons/2x/ic_star_rate_14.png""/><img alt="""" class=""section-review-star section-review-star-active"" jsan=""7.section-review-star,7.section-review-star-active,8.src,0.alt"" jsinstance=""2"" jstcache=""289"" src=""//maps.gstatic.com/consumer/images/icons/2x/ic_star_rate_14.png""/><img alt="""" class=""section-review-star section-review-star-active"" jsan=""7.section-review-star,7.section-review-star-active,8.src,0.alt"" jsinstance=""3"" jstcache=""289"" src=""//maps.gstatic.com/consumer/images/icons/2x/ic_star_rate_14.png""/><img alt="""" class=""section-review-star section-review-star-active"" jsan=""7.section-review-star,7.section-review-star-active,8.src,0.alt"" jsinstance=""*4"" jstcache=""289"" src=""//maps.gstatic.com/consumer/images/icons/2x/ic_star_rate_14.png""/> </span>",https://www.google.com/maps/contrib/107965178206622595378/reviews?hl=en-IN,Nice coffe and snack delicious,a year ago
 Tucker McGaw ,"<span aria-label="" 3 stars "" class=""section-review-stars"" jsan=""7.section-review-stars,0.aria-label,0.role,t-1xcf3_7ROhA"" jstcache=""250"" role=""img""> <img alt="""" class=""section-review-star section-review-star-active"" jsan=""7.section-review-star,7.section-review-star-active,8.src,0.alt"" jsinstance=""0"" jstcache=""289"" src=""//maps.gstatic.com/consumer/images/icons/2x/ic_star_rate_14.png""/><img alt="""" class=""section-review-star section-review-star-active"" jsan=""7.section-review-star,7.section-review-star-active,8.src,0.alt"" jsinstance=""1"" jstcache=""289"" src=""//maps.gstatic.com/consumer/images/icons/2x/ic_star_rate_14.png""/><img alt="""" class=""section-review-star section-review-star-active"" jsan=""7.section-review-star,7.section-review-star-active,8.src,0.alt"" jsinstance=""2"" jstcache=""289"" src=""//maps.gstatic.com/consumer/images/icons/2x/ic_star_rate_14.png""/><img alt="""" class=""section-review-star"" jsan=""7.section-review-star,8.src,0.alt"" jsinstance=""3"" jstcache=""289"" src=""//maps.gstatic.com/consumer/images/icons/2x/ic_star_rate_empty_14.png""/><img alt="""" class=""section-review-star"" jsan=""7.section-review-star,8.src,0.alt"" jsinstance=""*4"" jstcache=""289"" src=""//maps.gstatic.com/consumer/images/icons/2x/ic_star_rate_empty_14.png""/> </span>",https://www.google.com/maps/contrib/105457687607833430106/reviews?hl=en-IN,It's okay. Service could use a little work.,a year ago
 sanjju kunjju ,"<span aria-label="" 1 star "" class=""section-review-stars"" jsan=""7.section-review-stars,0.aria-label,0.role,t-1xcf3_7ROhA"" jstcache=""250"" role=""img""> <img alt="""" class=""section-review-star section-review-star-active"" jsan=""7.section-review-star,7.section-review-star-active,8.src,0.alt"" jsinstance=""0"" jstcache=""289"" src=""//maps.gstatic.com/consumer/images/icons/2x/ic_star_rate_14.png""/><img alt="""" class=""section-review-star"" jsan=""7.section-review-star,8.src,0.alt"" jsinstance=""1"" jstcache=""289"" src=""//maps.gstatic.com/consumer/images/icons/2x/ic_star_rate_empty_14.png""/><img alt="""" class=""section-review-star"" jsan=""7.section-review-star,8.src,0.alt"" jsinstance=""2"" jstcache=""289"" src=""//maps.gstatic.com/consumer/images/icons/2x/ic_star_rate_empty_14.png""/><img alt="""" class=""section-review-star"" jsan=""7.section-review-star,8.src,0.alt"" jsinstance=""3"" jstcache=""289"" src=""//maps.gstatic.com/consumer/images/icons/2x/ic_star_rate_empty_14.png""/><img alt="""" class=""section-review-star"" jsan=""7.section-review-star,8.src,0.alt"" jsinstance=""*4"" jstcache=""289"" src=""//maps.gstatic.com/consumer/images/icons/2x/ic_star_rate_empty_14.png""/> </span>",https://www.google.com/maps/contrib/111117359497758940543/reviews?hl=en-IN,"Why do they have Tea on their menu, if they have no clue how to make one. Premium bussines like Cafe coffee day must maintain a standard. A puzzle served with a tea bag/sugar, and figure it out what it is or name what you want.. conclusion pathetic.",2 years ago
 Smit Shukla ,"<span aria-label="" 4 stars "" class=""section-review-stars"" jsan=""7.section-review-stars,0.aria-label,0.role,t-1xcf3_7ROhA"" jstcache=""250"" role=""img""> <img alt="""" class=""section-review-star section-review-star-active"" jsan=""7.section-review-star,7.section-review-star-active,8.src,0.alt"" jsinstance=""0"" jstcache=""289"" src=""//maps.gstatic.com/consumer/images/icons/2x/ic_star_rate_14.png""/><img alt="""" class=""section-review-star section-review-star-active"" jsan=""7.section-review-star,7.section-review-star-active,8.src,0.alt"" jsinstance=""1"" jstcache=""289"" src=""//maps.gstatic.com/consumer/images/icons/2x/ic_star_rate_14.png""/><img alt="""" class=""section-review-star section-review-star-active"" jsan=""7.section-review-star,7.section-review-star-active,8.src,0.alt"" jsinstance=""2"" jstcache=""289"" src=""//maps.gstatic.com/consumer/images/icons/2x/ic_star_rate_14.png""/><img alt="""" class=""section-review-star section-review-star-active"" jsan=""7.section-review-star,7.section-review-star-active,8.src,0.alt"" jsinstance=""3"" jstcache=""289"" src=""//maps.gstatic.com/consumer/images/icons/2x/ic_star_rate_14.png""/><img alt="""" class=""section-review-star"" jsan=""7.section-review-star,8.src,0.alt"" jsinstance=""*4"" jstcache=""289"" src=""//maps.gstatic.com/consumer/images/icons/2x/ic_star_rate_empty_14.png""/> </span>",https://www.google.com/maps/contrib/111469941101401276955/reviews?hl=en-IN,Good place for coffee!,a year ago
 Pavan Pyati ,"<span aria-label="" 5 stars "" class=""section-review-stars"" jsan=""7.section-review-stars,0.aria-label,0.role,t-1xcf3_7ROhA"" jstcache=""250"" role=""img""> <img alt="""" class=""section-review-star section-review-star-active"" jsan=""7.section-review-star,7.section-review-star-active,8.src,0.alt"" jsinstance=""0"" jstcache=""289"" src=""//maps.gstatic.com/consumer/images/icons/2x/ic_star_rate_14.png""/><img alt="""" class=""section-review-star section-review-star-active"" jsan=""7.section-review-star,7.section-review-star-active,8.src,0.alt"" jsinstance=""1"" jstcache=""289"" src=""//maps.gstatic.com/consumer/images/icons/2x/ic_star_rate_14.png""/><img alt="""" class=""section-review-star section-review-star-active"" jsan=""7.section-review-star,7.section-review-star-active,8.src,0.alt"" jsinstance=""2"" jstcache=""289"" src=""//maps.gstatic.com/consumer/images/icons/2x/ic_star_rate_14.png""/><img alt="""" class=""section-review-star section-review-star-active"" jsan=""7.section-review-star,7.section-review-star-active,8.src,0.alt"" jsinstance=""3"" jstcache=""289"" src=""//maps.gstatic.com/consumer/images/icons/2x/ic_star_rate_14.png""/><img alt="""" class=""section-review-star section-review-star-active"" jsan=""7.section-review-star,7.section-review-star-active,8.src,0.alt"" jsinstance=""*4"" jstcache=""289"" src=""//maps.gstatic.com/consumer/images/icons/2x/ic_star_rate_14.png""/> </span>",https://www.google.com/maps/contrib/115673273730651611991/reviews?hl=en-IN,One of the best place but it will be crowded,2 years ago
 Anupam Kumar ,"<span aria-label="" 5 stars "" class=""section-review-stars"" jsan=""7.section-review-stars,0.aria-label,0.role,t-1xcf3_7ROhA"" jstcache=""250"" role=""img""> <img alt="""" class=""section-review-star section-review-star-active"" jsan=""7.section-review-star,7.section-review-star-active,8.src,0.alt"" jsinstance=""0"" jstcache=""289"" src=""//maps.gstatic.com/consumer/images/icons/2x/ic_star_rate_14.png""/><img alt="""" class=""section-review-star section-review-star-active"" jsan=""7.section-review-star,7.section-review-star-active,8.src,0.alt"" jsinstance=""1"" jstcache=""289"" src=""//maps.gstatic.com/consumer/images/icons/2x/ic_star_rate_14.png""/><img alt="""" class=""section-review-star section-review-star-active"" jsan=""7.section-review-star,7.section-review-star-active,8.src,0.alt"" jsinstance=""2"" jstcache=""289"" src=""//maps.gstatic.com/consumer/images/icons/2x/ic_star_rate_14.png""/><img alt="""" class=""section-review-star section-review-star-active"" jsan=""7.section-review-star,7.section-review-star-active,8.src,0.alt"" jsinstance=""3"" jstcache=""289"" src=""//maps.gstatic.com/consumer/images/icons/2x/ic_star_rate_14.png""/><img alt="""" class=""section-review-star section-review-star-active"" jsan=""7.section-review-star,7.section-review-star-active,8.src,0.alt"" jsinstance=""*4"" jstcache=""289"" src=""//maps.gstatic.com/consumer/images/icons/2x/ic_star_rate_14.png""/> </span>",https://www.google.com/maps/contrib/114924515785641001601/reviews?hl=en-IN,Nice ambience to relax after a long flight,a year ago
 kumutha m lakshmi ,"<span aria-label="" 3 stars "" class=""section-review-stars"" jsan=""7.section-review-stars,0.aria-label,0.role,t-1xcf3_7ROhA"" jstcache=""250"" role=""img""> <img alt="""" class=""section-review-star section-review-star-active"" jsan=""7.section-review-star,7.section-review-star-active,8.src,0.alt"" jsinstance=""0"" jstcache=""289"" src=""//maps.gstatic.com/consumer/images/icons/2x/ic_star_rate_14.png""/><img alt="""" class=""section-review-star section-review-star-active"" jsan=""7.section-review-star,7.section-review-star-active,8.src,0.alt"" jsinstance=""1"" jstcache=""289"" src=""//maps.gstatic.com/consumer/images/icons/2x/ic_star_rate_14.png""/><img alt="""" class=""section-review-star section-review-star-active"" jsan=""7.section-review-star,7.section-review-star-active,8.src,0.alt"" jsinstance=""2"" jstcache=""289"" src=""//maps.gstatic.com/consumer/images/icons/2x/ic_star_rate_14.png""/><img alt="""" class=""section-review-star"" jsan=""7.section-review-star,8.src,0.alt"" jsinstance=""3"" jstcache=""289"" src=""//maps.gstatic.com/consumer/images/icons/2x/ic_star_rate_empty_14.png""/><img alt="""" class=""section-review-star"" jsan=""7.section-review-star,8.src,0.alt"" jsinstance=""*4"" jstcache=""289"" src=""//maps.gstatic.com/consumer/images/icons/2x/ic_star_rate_empty_14.png""/> </span>",https://www.google.com/maps/contrib/116904429644697774553/reviews?hl=en-IN,all snacks from this restaurant are costly!! please reduce the snacks price!! so that all people can have with less price of snack's,11 months ago
 Ashish Kashyap ,"<span aria-label="" 5 stars "" class=""section-review-stars"" jsan=""7.section-review-stars,0.aria-label,0.role,t-1xcf3_7ROhA"" jstcache=""250"" role=""img""> <img alt="""" class=""section-review-star section-review-star-active"" jsan=""7.section-review-star,7.section-review-star-active,8.src,0.alt"" jsinstance=""0"" jstcache=""289"" src=""//maps.gstatic.com/consumer/images/icons/2x/ic_star_rate_14.png""/><img alt="""" class=""section-review-star section-review-star-active"" jsan=""7.section-review-star,7.section-review-star-active,8.src,0.alt"" jsinstance=""1"" jstcache=""289"" src=""//maps.gstatic.com/consumer/images/icons/2x/ic_star_rate_14.png""/><img alt="""" class=""section-review-star section-review-star-active"" jsan=""7.section-review-star,7.section-review-star-active,8.src,0.alt"" jsinstance=""2"" jstcache=""289"" src=""//maps.gstatic.com/consumer/images/icons/2x/ic_star_rate_14.png""/><img alt="""" class=""section-review-star section-review-star-active"" jsan=""7.section-review-star,7.section-review-star-active,8.src,0.alt"" jsinstance=""3"" jstcache=""289"" src=""//maps.gstatic.com/consumer/images/icons/2x/ic_star_rate_14.png""/><img alt="""" class=""section-review-star section-review-star-active"" jsan=""7.section-review-star,7.section-review-star-active,8.src,0.alt"" jsinstance=""*4"" jstcache=""289"" src=""//maps.gstatic.com/consumer/images/icons/2x/ic_star_rate_14.png""/> </span>",https://www.google.com/maps/contrib/110733553742556715389/reviews?hl=en-IN,If i am not wrong that is the only place where you can smoke there.Guys quiet 🚬.,2 years ago
 Mahesh KG ,"<span aria-label="" 5 stars "" class=""section-review-stars"" jsan=""7.section-review-stars,0.aria-label,0.role,t-1xcf3_7ROhA"" jstcache=""250"" role=""img""> <img alt="""" class=""section-review-star section-review-star-active"" jsan=""7.section-review-star,7.section-review-star-active,8.src,0.alt"" jsinstance=""0"" jstcache=""289"" src=""//maps.gstatic.com/consumer/images/icons/2x/ic_star_rate_14.png""/><img alt="""" class=""section-review-star section-review-star-active"" jsan=""7.section-review-star,7.section-review-star-active,8.src,0.alt"" jsinstance=""1"" jstcache=""289"" src=""//maps.gstatic.com/consumer/images/icons/2x/ic_star_rate_14.png""/><img alt="""" class=""section-review-star section-review-star-active"" jsan=""7.section-review-star,7.section-review-star-active,8.src,0.alt"" jsinstance=""2"" jstcache=""289"" src=""//maps.gstatic.com/consumer/images/icons/2x/ic_star_rate_14.png""/><img alt="""" class=""section-review-star section-review-star-active"" jsan=""7.section-review-star,7.section-review-star-active,8.src,0.alt"" jsinstance=""3"" jstcache=""289"" src=""//maps.gstatic.com/consumer/images/icons/2x/ic_star_rate_14.png""/><img alt="""" class=""section-review-star section-review-star-active"" jsan=""7.section-review-star,7.section-review-star-active,8.src,0.alt"" jsinstance=""*4"" jstcache=""289"" src=""//maps.gstatic.com/consumer/images/icons/2x/ic_star_rate_14.png""/> </span>",https://www.google.com/maps/contrib/115745937385446546746/reviews?hl=en-IN,For a quick bite while inside the Airport.,a year ago
 Jayesh J ,"<span aria-label="" 2 stars "" class=""section-review-stars"" jsan=""7.section-review-stars,0.aria-label,0.role,t-1xcf3_7ROhA"" jstcache=""250"" role=""img""> <img alt="""" class=""section-review-star section-review-star-active"" jsan=""7.section-review-star,7.section-review-star-active,8.src,0.alt"" jsinstance=""0"" jstcache=""289"" src=""//maps.gstatic.com/consumer/images/icons/2x/ic_star_rate_14.png""/><img alt="""" class=""section-review-star section-review-star-active"" jsan=""7.section-review-star,7.section-review-star-active,8.src,0.alt"" jsinstance=""1"" jstcache=""289"" src=""//maps.gstatic.com/consumer/images/icons/2x/ic_star_rate_14.png""/><img alt="""" class=""section-review-star"" jsan=""7.section-review-star,8.src,0.alt"" jsinstance=""2"" jstcache=""289"" src=""//maps.gstatic.com/consumer/images/icons/2x/ic_star_rate_empty_14.png""/><img alt="""" class=""section-review-star"" jsan=""7.section-review-star,8.src,0.alt"" jsinstance=""3"" jstcache=""289"" src=""//maps.gstatic.com/consumer/images/icons/2x/ic_star_rate_empty_14.png""/><img alt="""" class=""section-review-star"" jsan=""7.section-review-star,8.src,0.alt"" jsinstance=""*4"" jstcache=""289"" src=""//maps.gstatic.com/consumer/images/icons/2x/ic_star_rate_empty_14.png""/> </span>",https://www.google.com/maps/contrib/107953496115263142182/reviews?hl=en-IN,There is a service boy...who behaves very badly to customer and people. He never respect people...he shout at older people and womans with small kids those who are sitting in chair. Every knows the chairs kept outside is for customers. But still there is some humanity we should keep...if there is no any customers atleast some tierd people can take some rest...but this guy dont understand the people..he is thinking CCD is his private property..,2 years ago
 Anil Singh ,"<span aria-label="" 4 stars "" class=""section-review-stars"" jsan=""7.section-review-stars,0.aria-label,0.role,t-1xcf3_7ROhA"" jstcache=""250"" role=""img""> <img alt="""" class=""section-review-star section-review-star-active"" jsan=""7.section-review-star,7.section-review-star-active,8.src,0.alt"" jsinstance=""0"" jstcache=""289"" src=""//maps.gstatic.com/consumer/images/icons/2x/ic_star_rate_14.png""/><img alt="""" class=""section-review-star section-review-star-active"" jsan=""7.section-review-star,7.section-review-star-active,8.src,0.alt"" jsinstance=""1"" jstcache=""289"" src=""//maps.gstatic.com/consumer/images/icons/2x/ic_star_rate_14.png""/><img alt="""" class=""section-review-star section-review-star-active"" jsan=""7.section-review-star,7.section-review-star-active,8.src,0.alt"" jsinstance=""2"" jstcache=""289"" src=""//maps.gstatic.com/consumer/images/icons/2x/ic_star_rate_14.png""/><img alt="""" class=""section-review-star section-review-star-active"" jsan=""7.section-review-star,7.section-review-star-active,8.src,0.alt"" jsinstance=""3"" jstcache=""289"" src=""//maps.gstatic.com/consumer/images/icons/2x/ic_star_rate_14.png""/><img alt="""" class=""section-review-star"" jsan=""7.section-review-star,8.src,0.alt"" jsinstance=""*4"" jstcache=""289"" src=""//maps.gstatic.com/consumer/images/icons/2x/ic_star_rate_empty_14.png""/> </span>",https://www.google.com/maps/contrib/106189863552496973743/reviews?hl=en-IN,"Because it is located at airport, simply overpriced. Rich options for Coffee are available. Recommended as get refreshed before check-in.",3 years ago
 Prashant Goudar ,"<span aria-label="" 4 stars "" class=""section-review-stars"" jsan=""7.section-review-stars,0.aria-label,0.role,t-1xcf3_7ROhA"" jstcache=""250"" role=""img""> <img alt="""" class=""section-review-star section-review-star-active"" jsan=""7.section-review-star,7.section-review-star-active,8.src,0.alt"" jsinstance=""0"" jstcache=""289"" src=""//maps.gstatic.com/consumer/images/icons/2x/ic_star_rate_14.png""/><img alt="""" class=""section-review-star section-review-star-active"" jsan=""7.section-review-star,7.section-review-star-active,8.src,0.alt"" jsinstance=""1"" jstcache=""289"" src=""//maps.gstatic.com/consumer/images/icons/2x/ic_star_rate_14.png""/><img alt="""" class=""section-review-star section-review-star-active"" jsan=""7.section-review-star,7.section-review-star-active,8.src,0.alt"" jsinstance=""2"" jstcache=""289"" src=""//maps.gstatic.com/consumer/images/icons/2x/ic_star_rate_14.png""/><img alt="""" class=""section-review-star section-review-star-active"" jsan=""7.section-review-star,7.section-review-star-active,8.src,0.alt"" jsinstance=""3"" jstcache=""289"" src=""//maps.gstatic.com/consumer/images/icons/2x/ic_star_rate_14.png""/><img alt="""" class=""section-review-star"" jsan=""7.section-review-star,8.src,0.alt"" jsinstance=""*4"" jstcache=""289"" src=""//maps.gstatic.com/consumer/images/icons/2x/ic_star_rate_empty_14.png""/> </span>",https://www.google.com/maps/contrib/101940885872696169413/reviews?hl=en-IN,"Good place to hang up with friends, 24/7 open...good for kids",2 years ago
 Aruna Reddy ,"<span aria-label="" 4 stars "" class=""section-review-stars"" jsan=""7.section-review-stars,0.aria-label,0.role,t-1xcf3_7ROhA"" jstcache=""250"" role=""img""> <img alt="""" class=""section-review-star section-review-star-active"" jsan=""7.section-review-star,7.section-review-star-active,8.src,0.alt"" jsinstance=""0"" jstcache=""289"" src=""//maps.gstatic.com/consumer/images/icons/2x/ic_star_rate_14.png""/><img alt="""" class=""section-review-star section-review-star-active"" jsan=""7.section-review-star,7.section-review-star-active,8.src,0.alt"" jsinstance=""1"" jstcache=""289"" src=""//maps.gstatic.com/consumer/images/icons/2x/ic_star_rate_14.png""/><img alt="""" class=""section-review-star section-review-star-active"" jsan=""7.section-review-star,7.section-review-star-active,8.src,0.alt"" jsinstance=""2"" jstcache=""289"" src=""//maps.gstatic.com/consumer/images/icons/2x/ic_star_rate_14.png""/><img alt="""" class=""section-review-star section-review-star-active"" jsan=""7.section-review-star,7.section-review-star-active,8.src,0.alt"" jsinstance=""3"" jstcache=""289"" src=""//maps.gstatic.com/consumer/images/icons/2x/ic_star_rate_14.png""/><img alt="""" class=""section-review-star"" jsan=""7.section-review-star,8.src,0.alt"" jsinstance=""*4"" jstcache=""289"" src=""//maps.gstatic.com/consumer/images/icons/2x/ic_star_rate_empty_14.png""/> </span>",https://www.google.com/maps/contrib/107246948478876603401/reviews?hl=en-IN,For a quick sip of coffee,a year ago
 Prashant Rawat ,"<span aria-label="" 5 stars "" class=""section-review-stars"" jsan=""7.section-review-stars,0.aria-label,0.role,t-1xcf3_7ROhA"" jstcache=""250"" role=""img""> <img alt="""" class=""section-review-star section-review-star-active"" jsan=""7.section-review-star,7.section-review-star-active,8.src,0.alt"" jsinstance=""0"" jstcache=""289"" src=""//maps.gstatic.com/consumer/images/icons/2x/ic_star_rate_14.png""/><img alt="""" class=""section-review-star section-review-star-active"" jsan=""7.section-review-star,7.section-review-star-active,8.src,0.alt"" jsinstance=""1"" jstcache=""289"" src=""//maps.gstatic.com/consumer/images/icons/2x/ic_star_rate_14.png""/><img alt="""" class=""section-review-star section-review-star-active"" jsan=""7.section-review-star,7.section-review-star-active,8.src,0.alt"" jsinstance=""2"" jstcache=""289"" src=""//maps.gstatic.com/consumer/images/icons/2x/ic_star_rate_14.png""/><img alt="""" class=""section-review-star section-review-star-active"" jsan=""7.section-review-star,7.section-review-star-active,8.src,0.alt"" jsinstance=""3"" jstcache=""289"" src=""//maps.gstatic.com/consumer/images/icons/2x/ic_star_rate_14.png""/><img alt="""" class=""section-review-star section-review-star-active"" jsan=""7.section-review-star,7.section-review-star-active,8.src,0.alt"" jsinstance=""*4"" jstcache=""289"" src=""//maps.gstatic.com/consumer/images/icons/2x/ic_star_rate_14.png""/> </span>",https://www.google.com/maps/contrib/103722482028409141305/reviews?hl=en-IN,Good place to hangout for long time. Staff is too good nd co-operative.,3 years ago
 Prajwal K N ,"<span aria-label="" 4 stars "" class=""section-review-stars"" jsan=""7.section-review-stars,0.aria-label,0.role,t-1xcf3_7ROhA"" jstcache=""250"" role=""img""> <img alt="""" class=""section-review-star section-review-star-active"" jsan=""7.section-review-star,7.section-review-star-active,8.src,0.alt"" jsinstance=""0"" jstcache=""289"" src=""//maps.gstatic.com/consumer/images/icons/2x/ic_star_rate_14.png""/><img alt="""" class=""section-review-star section-review-star-active"" jsan=""7.section-review-star,7.section-review-star-active,8.src,0.alt"" jsinstance=""1"" jstcache=""289"" src=""//maps.gstatic.com/consumer/images/icons/2x/ic_star_rate_14.png""/><img alt="""" class=""section-review-star section-review-star-active"" jsan=""7.section-review-star,7.section-review-star-active,8.src,0.alt"" jsinstance=""2"" jstcache=""289"" src=""//maps.gstatic.com/consumer/images/icons/2x/ic_star_rate_14.png""/><img alt="""" class=""section-review-star section-review-star-active"" jsan=""7.section-review-star,7.section-review-star-active,8.src,0.alt"" jsinstance=""3"" jstcache=""289"" src=""//maps.gstatic.com/consumer/images/icons/2x/ic_star_rate_14.png""/><img alt="""" class=""section-review-star"" jsan=""7.section-review-star,8.src,0.alt"" jsinstance=""*4"" jstcache=""289"" src=""//maps.gstatic.com/consumer/images/icons/2x/ic_star_rate_empty_14.png""/> </span>",https://www.google.com/maps/contrib/101534096223268039387/reviews?hl=en-IN,As good as any other CCD,a year ago
 Anudeep Bhatnagar ,"<span aria-label="" 5 stars "" class=""section-review-stars"" jsan=""7.section-review-stars,0.aria-label,0.role,t-1xcf3_7ROhA"" jstcache=""250"" role=""img""> <img alt="""" class=""section-review-star section-review-star-active"" jsan=""7.section-review-star,7.section-review-star-active,8.src,0.alt"" jsinstance=""0"" jstcache=""289"" src=""//maps.gstatic.com/consumer/images/icons/2x/ic_star_rate_14.png""/><img alt="""" class=""section-review-star section-review-star-active"" jsan=""7.section-review-star,7.section-review-star-active,8.src,0.alt"" jsinstance=""1"" jstcache=""289"" src=""//maps.gstatic.com/consumer/images/icons/2x/ic_star_rate_14.png""/><img alt="""" class=""section-review-star section-review-star-active"" jsan=""7.section-review-star,7.section-review-star-active,8.src,0.alt"" jsinstance=""2"" jstcache=""289"" src=""//maps.gstatic.com/consumer/images/icons/2x/ic_star_rate_14.png""/><img alt="""" class=""section-review-star section-review-star-active"" jsan=""7.section-review-star,7.section-review-star-active,8.src,0.alt"" jsinstance=""3"" jstcache=""289"" src=""//maps.gstatic.com/consumer/images/icons/2x/ic_star_rate_14.png""/><img alt="""" class=""section-review-star section-review-star-active"" jsan=""7.section-review-star,7.section-review-star-active,8.src,0.alt"" jsinstance=""*4"" jstcache=""289"" src=""//maps.gstatic.com/consumer/images/icons/2x/ic_star_rate_14.png""/> </span>",https://www.google.com/maps/contrib/105165344613245665358/reviews?hl=en-IN,As usual CCD style coffee n snacks! But CCD should focus on its quality as well...,2 years ago
 Kamal Pathak ,"<span aria-label="" 4 stars "" class=""section-review-stars"" jsan=""7.section-review-stars,0.aria-label,0.role,t-1xcf3_7ROhA"" jstcache=""250"" role=""img""> <img alt="""" class=""section-review-star section-review-star-active"" jsan=""7.section-review-star,7.section-review-star-active,8.src,0.alt"" jsinstance=""0"" jstcache=""289"" src=""//maps.gstatic.com/consumer/images/icons/2x/ic_star_rate_14.png""/><img alt="""" class=""section-review-star section-review-star-active"" jsan=""7.section-review-star,7.section-review-star-active,8.src,0.alt"" jsinstance=""1"" jstcache=""289"" src=""//maps.gstatic.com/consumer/images/icons/2x/ic_star_rate_14.png""/><img alt="""" class=""section-review-star section-review-star-active"" jsan=""7.section-review-star,7.section-review-star-active,8.src,0.alt"" jsinstance=""2"" jstcache=""289"" src=""//maps.gstatic.com/consumer/images/icons/2x/ic_star_rate_14.png""/><img alt="""" class=""section-review-star section-review-star-active"" jsan=""7.section-review-star,7.section-review-star-active,8.src,0.alt"" jsinstance=""3"" jstcache=""289"" src=""//maps.gstatic.com/consumer/images/icons/2x/ic_star_rate_14.png""/><img alt="""" class=""section-review-star"" jsan=""7.section-review-star,8.src,0.alt"" jsinstance=""*4"" jstcache=""289"" src=""//maps.gstatic.com/consumer/images/icons/2x/ic_star_rate_empty_14.png""/> </span>",https://www.google.com/maps/contrib/107263454670544148058/reviews?hl=en-IN,"I once had to wait for someone for quite some time outside the airport. This place was the savior. Huge space, warm and polite staff.",3 years ago
 Dilip Jain ,"<span aria-label="" 4 stars "" class=""section-review-stars"" jsan=""7.section-review-stars,0.aria-label,0.role,t-1xcf3_7ROhA"" jstcache=""250"" role=""img""> <img alt="""" class=""section-review-star section-review-star-active"" jsan=""7.section-review-star,7.section-review-star-active,8.src,0.alt"" jsinstance=""0"" jstcache=""289"" src=""//maps.gstatic.com/consumer/images/icons/2x/ic_star_rate_14.png""/><img alt="""" class=""section-review-star section-review-star-active"" jsan=""7.section-review-star,7.section-review-star-active,8.src,0.alt"" jsinstance=""1"" jstcache=""289"" src=""//maps.gstatic.com/consumer/images/icons/2x/ic_star_rate_14.png""/><img alt="""" class=""section-review-star section-review-star-active"" jsan=""7.section-review-star,7.section-review-star-active,8.src,0.alt"" jsinstance=""2"" jstcache=""289"" src=""//maps.gstatic.com/consumer/images/icons/2x/ic_star_rate_14.png""/><img alt="""" class=""section-review-star section-review-star-active"" jsan=""7.section-review-star,7.section-review-star-active,8.src,0.alt"" jsinstance=""3"" jstcache=""289"" src=""//maps.gstatic.com/consumer/images/icons/2x/ic_star_rate_14.png""/><img alt="""" class=""section-review-star"" jsan=""7.section-review-star,8.src,0.alt"" jsinstance=""*4"" jstcache=""289"" src=""//maps.gstatic.com/consumer/images/icons/2x/ic_star_rate_empty_14.png""/> </span>",https://www.google.com/maps/contrib/101042447690011504941/reviews?hl=en-IN,Nice open space to hang around with friends or enjoy an evening coffee before entering the airport.,3 years ago
 Mike Ten ,"<span aria-label="" 1 star "" class=""section-review-stars"" jsan=""7.section-review-stars,0.aria-label,0.role,t-1xcf3_7ROhA"" jstcache=""250"" role=""img""> <img alt="""" class=""section-review-star section-review-star-active"" jsan=""7.section-review-star,7.section-review-star-active,8.src,0.alt"" jsinstance=""0"" jstcache=""289"" src=""//maps.gstatic.com/consumer/images/icons/2x/ic_star_rate_14.png""/><img alt="""" class=""section-review-star"" jsan=""7.section-review-star,8.src,0.alt"" jsinstance=""1"" jstcache=""289"" src=""//maps.gstatic.com/consumer/images/icons/2x/ic_star_rate_empty_14.png""/><img alt="""" class=""section-review-star"" jsan=""7.section-review-star,8.src,0.alt"" jsinstance=""2"" jstcache=""289"" src=""//maps.gstatic.com/consumer/images/icons/2x/ic_star_rate_empty_14.png""/><img alt="""" class=""section-review-star"" jsan=""7.section-review-star,8.src,0.alt"" jsinstance=""3"" jstcache=""289"" src=""//maps.gstatic.com/consumer/images/icons/2x/ic_star_rate_empty_14.png""/><img alt="""" class=""section-review-star"" jsan=""7.section-review-star,8.src,0.alt"" jsinstance=""*4"" jstcache=""289"" src=""//maps.gstatic.com/consumer/images/icons/2x/ic_star_rate_empty_14.png""/> </span>",https://www.google.com/maps/contrib/110889897062586378925/reviews?hl=en-IN,"Don't recommend this place. Menu different price than what you really pay.

And sandwich are not good",2 years ago
 Umesh Majhi ,"<span aria-label="" 4 stars "" class=""section-review-stars"" jsan=""7.section-review-stars,0.aria-label,0.role,t-1xcf3_7ROhA"" jstcache=""250"" role=""img""> <img alt="""" class=""section-review-star section-review-star-active"" jsan=""7.section-review-star,7.section-review-star-active,8.src,0.alt"" jsinstance=""0"" jstcache=""289"" src=""//maps.gstatic.com/consumer/images/icons/2x/ic_star_rate_14.png""/><img alt="""" class=""section-review-star section-review-star-active"" jsan=""7.section-review-star,7.section-review-star-active,8.src,0.alt"" jsinstance=""1"" jstcache=""289"" src=""//maps.gstatic.com/consumer/images/icons/2x/ic_star_rate_14.png""/><img alt="""" class=""section-review-star section-review-star-active"" jsan=""7.section-review-star,7.section-review-star-active,8.src,0.alt"" jsinstance=""2"" jstcache=""289"" src=""//maps.gstatic.com/consumer/images/icons/2x/ic_star_rate_14.png""/><img alt="""" class=""section-review-star section-review-star-active"" jsan=""7.section-review-star,7.section-review-star-active,8.src,0.alt"" jsinstance=""3"" jstcache=""289"" src=""//maps.gstatic.com/consumer/images/icons/2x/ic_star_rate_14.png""/><img alt="""" class=""section-review-star"" jsan=""7.section-review-star,8.src,0.alt"" jsinstance=""*4"" jstcache=""289"" src=""//maps.gstatic.com/consumer/images/icons/2x/ic_star_rate_empty_14.png""/> </span>",https://www.google.com/maps/contrib/100045286960626223671/reviews?hl=en-IN,The only CCD in Bengaluru Airport situated just outside the gate. Great ambience except when it rains heavily.,3 years ago
 Yugal ,"<span aria-label="" 4 stars "" class=""section-review-stars"" jsan=""7.section-review-stars,0.aria-label,0.role,t-1xcf3_7ROhA"" jstcache=""250"" role=""img""> <img alt="""" class=""section-review-star section-review-star-active"" jsan=""7.section-review-star,7.section-review-star-active,8.src,0.alt"" jsinstance=""0"" jstcache=""289"" src=""//maps.gstatic.com/consumer/images/icons/2x/ic_star_rate_14.png""/><img alt="""" class=""section-review-star section-review-star-active"" jsan=""7.section-review-star,7.section-review-star-active,8.src,0.alt"" jsinstance=""1"" jstcache=""289"" src=""//maps.gstatic.com/consumer/images/icons/2x/ic_star_rate_14.png""/><img alt="""" class=""section-review-star section-review-star-active"" jsan=""7.section-review-star,7.section-review-star-active,8.src,0.alt"" jsinstance=""2"" jstcache=""289"" src=""//maps.gstatic.com/consumer/images/icons/2x/ic_star_rate_14.png""/><img alt="""" class=""section-review-star section-review-star-active"" jsan=""7.section-review-star,7.section-review-star-active,8.src,0.alt"" jsinstance=""3"" jstcache=""289"" src=""//maps.gstatic.com/consumer/images/icons/2x/ic_star_rate_14.png""/><img alt="""" class=""section-review-star"" jsan=""7.section-review-star,8.src,0.alt"" jsinstance=""*4"" jstcache=""289"" src=""//maps.gstatic.com/consumer/images/icons/2x/ic_star_rate_empty_14.png""/> </span>",https://www.google.com/maps/contrib/117116264553407736090/reviews?hl=en-IN,Use this place in case you have long stop overs. Taste a sip of coffee and be at peace,3 years ago
 Sleeping Ascetic ,"<span aria-label="" 3 stars "" class=""section-review-stars"" jsan=""7.section-review-stars,0.aria-label,0.role,t-1xcf3_7ROhA"" jstcache=""250"" role=""img""> <img alt="""" class=""section-review-star section-review-star-active"" jsan=""7.section-review-star,7.section-review-star-active,8.src,0.alt"" jsinstance=""0"" jstcache=""289"" src=""//maps.gstatic.com/consumer/images/icons/2x/ic_star_rate_14.png""/><img alt="""" class=""section-review-star section-review-star-active"" jsan=""7.section-review-star,7.section-review-star-active,8.src,0.alt"" jsinstance=""1"" jstcache=""289"" src=""//maps.gstatic.com/consumer/images/icons/2x/ic_star_rate_14.png""/><img alt="""" class=""section-review-star section-review-star-active"" jsan=""7.section-review-star,7.section-review-star-active,8.src,0.alt"" jsinstance=""2"" jstcache=""289"" src=""//maps.gstatic.com/consumer/images/icons/2x/ic_star_rate_14.png""/><img alt="""" class=""section-review-star"" jsan=""7.section-review-star,8.src,0.alt"" jsinstance=""3"" jstcache=""289"" src=""//maps.gstatic.com/consumer/images/icons/2x/ic_star_rate_empty_14.png""/><img alt="""" class=""section-review-star"" jsan=""7.section-review-star,8.src,0.alt"" jsinstance=""*4"" jstcache=""289"" src=""//maps.gstatic.com/consumer/images/icons/2x/ic_star_rate_empty_14.png""/> </span>",https://www.google.com/maps/contrib/112733996455799631490/reviews?hl=en-IN,"Do you really have a long stopovers ?
please do come and sit here at this calm and quiet place of airport and enjoy aromas of your coffee..",3 years ago
